micro_cluster_id,theme_title,post_id,title,reading_order,semantic_coherence,primary_tractates,research_significance
MC-01,דמויות בתלמוד - Talmudic Personalities and Historical Encounters,138243127.general-update-and-discussion-of,"General Update, and Discussion of Widely Available Cutting-Edge Software Tools that Read Text in Images (=OCR), including Hebrew",1,0.7879926923845973,,Studies key rabbinic figures and their intellectual contributions
MC-01,דמויות בתלמוד - Talmudic Personalities and Historical Encounters,137475032.bridging-scripts-a-comparison-of,Bridging Scripts: A Comparison of Tools and Methods for Automated Transliteration of Hebrew characters to Latin characters,2,0.7879926923845973,,Studies key rabbinic figures and their intellectual contributions
MC-01,דמויות בתלמוד - Talmudic Personalities and Historical Encounters,126326558.my-article-in-the-seforim-blog-on,Just published: My article in the Seforim Blog on digital layouts of the Talmud - and on the possibility of an AI chavruta,3,0.7879926923845973,,Studies key rabbinic figures and their intellectual contributions
MC-02,"בית המקדש ומשמרת הכהנים - Temple Service and Priestly Duties (Pesachim, Shabbat)",144162446.from-admonishment-to-excommunication,From Admonishment to Excommunication: The Talmudic Laws of Ostracism (Moed Katan 16a-b) - Pt.1,1,0.7534189302756502,Pesachim; Shabbat; Eruvin,Explores the intricate rituals and responsibilities of Temple service
MC-02,"בית המקדש ומשמרת הכהנים - Temple Service and Priestly Duties (Pesachim, Shabbat)",146037613.once-the-boethusians-tried-to-mislead,"“Once, the Boethusians tried to mislead the Sages”: The Story of a Double Agent Giving Fantastical Testimony of the New Moon (Rosh Hashanah 22b)",2,0.7534189302756502,Pesachim; Shabbat; Eruvin,Explores the intricate rituals and responsibilities of Temple service
MC-02,"בית המקדש ומשמרת הכהנים - Temple Service and Priestly Duties (Pesachim, Shabbat)",135462101.tefillin-and-tzitzit-in-the-zohar,Tefillin and Tzitzit in the Zohar: A Case Study in Halacha and Polemics,3,0.7534189302756502,Pesachim; Shabbat; Eruvin,Explores the intricate rituals and responsibilities of Temple service
MC-03,"בית המקדש ומשמרת הכהנים - Temple Service and Priestly Duties (Pesachim, Shabbat)",148358299.crowds-crushes-and-censuses-talmudic,"Crowds, Crushes, and Censuses: Talmudic Historical Anecdotes of The Pilgrimage to Jerusalem for Passover in the Late Second Temple Period (Pesachim 64b)",1,0.7425974347611932,Pesachim; Shabbat; Eruvin,Explores the intricate rituals and responsibilities of Temple service
MC-03,"בית המקדש ומשמרת הכהנים - Temple Service and Priestly Duties (Pesachim, Shabbat)",145911262.gigantic-lettuce-heads-cedars-and,"Gigantic Lettuce Heads, Cedars, and Eggs: Extraordinary Testimonies from R' Yishmael ben Satriel (Bekhorot 57b)",2,0.7425974347611932,Pesachim; Shabbat; Eruvin,Explores the intricate rituals and responsibilities of Temple service
MC-03,"בית המקדש ומשמרת הכהנים - Temple Service and Priestly Duties (Pesachim, Shabbat)",150876467.the-biblical-king-hezekiahs-six-controversial,"The Biblical King Hezekiah's Six Controversial Actions: Three Approved, Three Not (Mishnah Pesachim 4:9)",3,0.7425974347611932,Pesachim; Shabbat; Eruvin,Explores the intricate rituals and responsibilities of Temple service
MC-04,"בית המקדש ומשמרת הכהנים - Temple Service and Priestly Duties (Pesachim, Yoma)",145331105.alas-thirteen-additional-stories,"Pt1 ""Alas!"": Thirteen Additional Stories Regarding the Reliability and Validity of Testimony About a Husband’s Death in the Context of Remarriage (Yevamot 121b-122b)",1,0.723940077320105,Pesachim; Yoma; Shabbat,Explores the intricate rituals and responsibilities of Temple service
MC-04,"בית המקדש ומשמרת הכהנים - Temple Service and Priestly Duties (Pesachim, Yoma)",150789111.pt1-r-benaa-the-sage-and-sleuth-solving,Pt1 R' Bena’a the Sage and Sleuth: Solving Two Mysteries and Rising to Judgeship (Bava Batra 58a),2,0.723940077320105,Pesachim; Yoma; Shabbat,Explores the intricate rituals and responsibilities of Temple service
MC-04,"בית המקדש ומשמרת הכהנים - Temple Service and Priestly Duties (Pesachim, Yoma)",150828388.pt2-r-benaa-the-sage-and-sleuth-solving,Pt2 R' Bena’a the Sage and Sleuth: Solving Two Mysteries and Rising to Judgeship (Bava Batra 58a),3,0.723940077320105,Pesachim; Yoma; Shabbat,Explores the intricate rituals and responsibilities of Temple service
MC-04,"בית המקדש ומשמרת הכהנים - Temple Service and Priestly Duties (Pesachim, Yoma)",146006313.prepare-shrouds-for-yourself-community,"“Prepare shrouds for yourself"": Community Responsibility for a Corpse, and the Deadly Consequences of Excessive Mourning (Moed Katan 27b)",4,0.723940077320105,Pesachim; Yoma; Shabbat,Explores the intricate rituals and responsibilities of Temple service
MC-04,"בית המקדש ומשמרת הכהנים - Temple Service and Priestly Duties (Pesachim, Yoma)",141488006.the-story-of-the-deaths-of-elihoreph,"""A man's feet take him to the place where he is needed"": The Story of the Deaths of Elihoreph and Ahijah, sons of Shisha, scribes of Solomon (I Kings 4:3 and Sukkah 53a)",5,0.723940077320105,Pesachim; Yoma; Shabbat,Explores the intricate rituals and responsibilities of Temple service
MC-05,"אגדות חז""ל - Talmudic Narratives and Exemplary Tales",140109130.talmudic-apologetics-a-cycle-of-dialogues,Pt1 Talmudic Apologetics: A Cycle of Dialogues with Roman Pagans Regarding God and Idols (Avodah Zarah 54b-55a),1,0.7173686261111898,Yoma; Shabbat; Tamid,Examines narrative traditions that convey moral and theological teachings
MC-05,"אגדות חז""ל - Talmudic Narratives and Exemplary Tales",148838654.symbolic-dialogues-and-strategic,Symbolic Dialogues and Strategic Counsel: Six Stories of Antoninus and R' Yehuda HaNasi (Avodah Zarah 10a-b),2,0.7173686261111898,Yoma; Shabbat; Tamid,Examines narrative traditions that convey moral and theological teachings
MC-05,"אגדות חז""ל - Talmudic Narratives and Exemplary Tales",163454641.pt1-conditionality-of-creation-crowns,"Pt1 Conditionality of Creation, Crowns, and Commitment: the Cosmic Significance of the Giving of the Torah and the Revelation at Sinai (Shabbat 88a-89a)",3,0.7173686261111898,Yoma; Shabbat; Tamid,Examines narrative traditions that convey moral and theological teachings
MC-05,"אגדות חז""ל - Talmudic Narratives and Exemplary Tales",140443583.some-notes-on-anthropomorphization,Some Notes on the Anthropomorphization of God in the Talmud,4,0.7173686261111898,Yoma; Shabbat; Tamid,Examines narrative traditions that convey moral and theological teachings
MC-05,"אגדות חז""ל - Talmudic Narratives and Exemplary Tales",164055199.pt2-scripture-logic-and-polemic-proofs,"Pt2 Scripture, Logic, and Polemic: Proofs for the Principle of the Mass Resurrection of the Jewish Dead in the Future Messianic Era (Sanhedrin 90b-91a)",5,0.7173686261111898,Yoma; Shabbat; Tamid,Examines narrative traditions that convey moral and theological teachings
MC-05,"אגדות חז""ל - Talmudic Narratives and Exemplary Tales",163608874.pt3-conditionality-of-creation-crowns,"Pt3 Conditionality of Creation, Crowns, and Commitment: the Cosmic Significance of the Giving of the Torah and the Revelation at Sinai (Shabbat 88a-89a)",6,0.7173686261111898,Yoma; Shabbat; Tamid,Examines narrative traditions that convey moral and theological teachings
MC-05,"אגדות חז""ל - Talmudic Narratives and Exemplary Tales",151443739.refuting-heresy-talmudic-responses,Refuting Heresy: Talmudic Responses to Heretical Claims of Divine Multiplicity in Scripture (Sanhedrin 38b),7,0.7173686261111898,Yoma; Shabbat; Tamid,Examines narrative traditions that convey moral and theological teachings
MC-05,"אגדות חז""ל - Talmudic Narratives and Exemplary Tales",148133725.pt3-prayer-poetry-and-ethics-a-journey,"Pt3 Prayer, Poetry, and Ethics: A Journey Through Seventeen Talmudic Prayers and Ethical Teachings (Berakhot 16b-17a; Eruvin 54a)",8,0.7173686261111898,Yoma; Shabbat; Tamid,Examines narrative traditions that convey moral and theological teachings
MC-05,"אגדות חז""ל - Talmudic Narratives and Exemplary Tales",163528021.pt2-conditionality-of-creation-crowns,"Pt2 Conditionality of Creation, Crowns, and Commitment: the Cosmic Significance of the Giving of the Torah and the Revelation at Sinai (Shabbat 88a-89a)",9,0.7173686261111898,Yoma; Shabbat; Tamid,Examines narrative traditions that convey moral and theological teachings
MC-05,"אגדות חז""ל - Talmudic Narratives and Exemplary Tales",140137426.talmudic-apologetics-a-cycle-of-dialogues-bdd,Pt2 Talmudic Apologetics: A Cycle of Dialogues with Roman Pagans Regarding God and Idols (Avodah Zarah 54b-55a),10,0.7173686261111898,Yoma; Shabbat; Tamid,Examines narrative traditions that convey moral and theological teachings
MC-05,"אגדות חז""ל - Talmudic Narratives and Exemplary Tales",164139115.between-this-world-and-the-next-talmudic,Between This World and the Next: Talmudic Conceptions of the World-to-Come and Resurrection of the Dead,11,0.7173686261111898,Yoma; Shabbat; Tamid,Examines narrative traditions that convey moral and theological teachings
MC-05,"אגדות חז""ל - Talmudic Narratives and Exemplary Tales",135620306.metaphors-in-tractate-avot,Metaphors in Tractate Avot,12,0.7173686261111898,Yoma; Shabbat; Tamid,Examines narrative traditions that convey moral and theological teachings
MC-05,"אגדות חז""ל - Talmudic Narratives and Exemplary Tales",134245538.rome-and-the-final-judgment-the-messianic,Rome and the Final Judgment: The Messianic-Era Judgement Day in the Talmud and Rome's Role (Avodah Zarah 2a-b),13,0.7173686261111898,Yoma; Shabbat; Tamid,Examines narrative traditions that convey moral and theological teachings
MC-05,"אגדות חז""ל - Talmudic Narratives and Exemplary Tales",152435959.pt2-the-talmudic-tales-of-alexander,"Pt2 The Talmudic Tales of Alexander the Great’s Adventures in Africa: The Mountains of Darkness, the City of Women, and the Waters of Eden (Tamid 32a-b)",14,0.7173686261111898,Yoma; Shabbat; Tamid,Examines narrative traditions that convey moral and theological teachings
MC-05,"אגדות חז""ל - Talmudic Narratives and Exemplary Tales",154185089.pt1-talmudic-cosmology-earths-foundations,"Pt1 Talmudic Cosmology (Ma'aseh Bereshit): Earth's Foundations, the Seven Heavens, and Cosmic Dimensions (Chagigah 12b-13a)",15,0.7173686261111898,Yoma; Shabbat; Tamid,Examines narrative traditions that convey moral and theological teachings
MC-05,"אגדות חז""ל - Talmudic Narratives and Exemplary Tales",152273650.pt2-alexander-the-greats-dialogue,"Pt2 Alexander the Great’s Dialogue with the Elders of the Negev: Philosophical Insights on Creation, Life, and Power (Tamid 32a)",16,0.7173686261111898,Yoma; Shabbat; Tamid,Examines narrative traditions that convey moral and theological teachings
MC-05,"אגדות חז""ל - Talmudic Narratives and Exemplary Tales",163687776.why-the-divine-torah-belongs-on-earth,Humanity's Deserving of the Torah on Trial: Moses Convincingly Argues That the Ten Commandments Are Irrelevant For Angels (Shabbat 88b-89a),17,0.7173686261111898,Yoma; Shabbat; Tamid,Examines narrative traditions that convey moral and theological teachings
MC-05,"אגדות חז""ל - Talmudic Narratives and Exemplary Tales",140314168.four-philosophical-dialogues-between,Four Philosophical Dialogues Between R’ Yehuda Hanasi and the Roman Antoninus (Sanhedrin 91a-b),18,0.7173686261111898,Yoma; Shabbat; Tamid,Examines narrative traditions that convey moral and theological teachings
MC-05,"אגדות חז""ל - Talmudic Narratives and Exemplary Tales",135562191.talmudic-sayings-exploring-the-wisdom,Talmudic Sayings: Exploring The Wisdom of the Talmud,19,0.7173686261111898,Yoma; Shabbat; Tamid,Examines narrative traditions that convey moral and theological teachings
MC-05,"אגדות חז""ל - Talmudic Narratives and Exemplary Tales",151635730.pt2-defending-god-biblical-monotheism,"Pt2 Defending God, Biblical Monotheism, and Jewish Distinctiveness: Twelve Dialogues Between Sages and Challengers in the Talmud (Sanhedrin 38b-39a)",20,0.7173686261111898,Yoma; Shabbat; Tamid,Examines narrative traditions that convey moral and theological teachings
MC-05,"אגדות חז""ל - Talmudic Narratives and Exemplary Tales",156837570.pt1-pleasures-omens-health-and-microcosms,"Pt1 Sensory Delights and Echoes of the Divine: The Talmud on Pleasures, Omens, Health and Microcosms (Berakhot 57b)",21,0.7173686261111898,Yoma; Shabbat; Tamid,Examines narrative traditions that convey moral and theological teachings
MC-05,"אגדות חז""ל - Talmudic Narratives and Exemplary Tales",144770347.gigantic-lion-blinding-sun-massive,Gigantic Lion; Blinding Sun; Massive Meals; and God the Carpenter: Four Stories of R' Yehoshua ben Ḥananya’s Interactions With the Roman Emperor (Chullin 59b-60a),22,0.7173686261111898,Yoma; Shabbat; Tamid,Examines narrative traditions that convey moral and theological teachings
MC-05,"אגדות חז""ל - Talmudic Narratives and Exemplary Tales",146948784.pt2-tremendously-loud-sounds-gabinis,"Pt2 Tremendously Loud Sounds: Gabini's Cries, the Sun's Orbit, Rome's Crowds, and More (Yoma 20b-21a)",23,0.7173686261111898,Yoma; Shabbat; Tamid,Examines narrative traditions that convey moral and theological teachings
MC-05,"אגדות חז""ל - Talmudic Narratives and Exemplary Tales",147433246.pt2-the-first-man-talmudic-reflections,Pt2 The First Man: Talmudic Reflections on Adam's Creation (Sanhedrin 38a-39b),24,0.7173686261111898,Yoma; Shabbat; Tamid,Examines narrative traditions that convey moral and theological teachings
MC-05,"אגדות חז""ל - Talmudic Narratives and Exemplary Tales",165763990.pt2-hananiah-mishael-and-azariah,"Pt2 Hananiah, Mishael, and Azariah and the Fiery Furnace in the Talmud: Aggadic Expansion of Daniel 3 (Sanhedrin 92b-93a)",25,0.7173686261111898,Yoma; Shabbat; Tamid,Examines narrative traditions that convey moral and theological teachings
MC-05,"אגדות חז""ל - Talmudic Narratives and Exemplary Tales",154935055.pt1-the-biblical-books-nearly-suppressed,Pt1 The Biblical Books Nearly Suppressed: Reconciling Contradictions in Ecclesiastes and Proverbs (Shabbat 30b),26,0.7173686261111898,Yoma; Shabbat; Tamid,Examines narrative traditions that convey moral and theological teachings
MC-05,"אגדות חז""ל - Talmudic Narratives and Exemplary Tales",163984441.pt1-scripture-logic-and-polemic-proofs,"Pt1 Scripture, Logic, and Polemic: Proofs for the Principle of the Mass Resurrection of the Jewish Dead in the Future Messianic Era (Sanhedrin 90b-91a)",27,0.7173686261111898,Yoma; Shabbat; Tamid,Examines narrative traditions that convey moral and theological teachings
MC-05,"אגדות חז""ל - Talmudic Narratives and Exemplary Tales",166575618.pt1-book-of-job-in-talmudic-interpretation,Pt1 Book of Job in Talmudic Interpretation: Job's Contested Righteousness and Satan's Character (Bava Batra 15b-16b),28,0.7173686261111898,Yoma; Shabbat; Tamid,Examines narrative traditions that convey moral and theological teachings
MC-05,"אגדות חז""ל - Talmudic Narratives and Exemplary Tales",130408899.more-metaphors-in-talmudic-literature,"More Metaphors in Talmudic literature, and how they can be interpreted within the framework of cognitive metaphor theory",29,0.7173686261111898,Yoma; Shabbat; Tamid,Examines narrative traditions that convey moral and theological teachings
MC-05,"אגדות חז""ל - Talmudic Narratives and Exemplary Tales",155000801.pt2-the-biblical-books-nearly-suppressed,Pt2 The Biblical Books Nearly Suppressed: Reconciling Contradictions in Ecclesiastes and Proverbs (Shabbat 30b),30,0.7173686261111898,Yoma; Shabbat; Tamid,Examines narrative traditions that convey moral and theological teachings
MC-05,"אגדות חז""ל - Talmudic Narratives and Exemplary Tales",147116754.ancient-burial-caves-rankings-of,"Ancient Burial Caves, Rankings of Beauty, and the Magus: Tales of R' Bena’a (Bava Batra 58a)",31,0.7173686261111898,Yoma; Shabbat; Tamid,Examines narrative traditions that convey moral and theological teachings
MC-06,"בית המקדש ומשמרת הכהנים - Temple Service and Priestly Duties (Pesachim, Shabbat)",161443445.pt3-lehem-oni-vs-luxury-the-bread,Pt3 ‘Leḥem Oni’ vs. Luxury: ‘The Bread of Affliction’ and the Halakhic Boundaries of Passover Matza (Pesachim 35b-37b),1,0.7103296439806109,Pesachim; Shabbat; Eruvin,Explores the intricate rituals and responsibilities of Temple service
MC-06,"בית המקדש ומשמרת הכהנים - Temple Service and Priestly Duties (Pesachim, Shabbat)",161362436.pt2-lehem-oni-vs-luxury-the-bread,Pt2 ‘Leḥem Oni’ vs. Luxury: ‘The Bread of Affliction’ and the Halakhic Boundaries of Passover Matza (Pesachim 35b-37b),2,0.7103296439806109,Pesachim; Shabbat; Eruvin,Explores the intricate rituals and responsibilities of Temple service
MC-06,"בית המקדש ומשמרת הכהנים - Temple Service and Priestly Duties (Pesachim, Shabbat)",160919749.searching-for-leaven-with-lamps-symbolism,Searching for Leaven with Lamps: Symbolism and Function in Bedikat Ḥametz (Pesachim 7b-8a),3,0.7103296439806109,Pesachim; Shabbat; Eruvin,Explores the intricate rituals and responsibilities of Temple service
MC-06,"בית המקדש ומשמרת הכהנים - Temple Service and Priestly Duties (Pesachim, Shabbat)",161283226.pt1-luxury-vs-lehem-oni-the-bread,Pt1 ‘Leḥem Oni’ vs. Luxury: ‘The Bread of Affliction’ and the Halakhic Boundaries of Passover Matza (Pesachim 35b-37b),4,0.7103296439806109,Pesachim; Shabbat; Eruvin,Explores the intricate rituals and responsibilities of Temple service
MC-06,"בית המקדש ומשמרת הכהנים - Temple Service and Priestly Duties (Pesachim, Shabbat)",155821050.pt2-hillels-three-converts-lessons,"Pt2 Hillel’s Three Converts: Lessons in Patience, the Oral Torah, and the Golden Rule (Shabbat 31a)",5,0.7103296439806109,Pesachim; Shabbat; Eruvin,Explores the intricate rituals and responsibilities of Temple service
MC-06,"בית המקדש ומשמרת הכהנים - Temple Service and Priestly Duties (Pesachim, Shabbat)",165603641.the-list-of-ingredients-in-the-temple,The List of Ingredients in the Temple Incense: The ‘Ketoret’ Formula in Detail (Keritot 6a),6,0.7103296439806109,Pesachim; Shabbat; Eruvin,Explores the intricate rituals and responsibilities of Temple service
MC-06,"בית המקדש ומשמרת הכהנים - Temple Service and Priestly Duties (Pesachim, Shabbat)",149594269.from-eunuch-ville-to-bald-town-a,From Eunuch-ville to Bald-town: A Eunuch and R' Yehoshua the Bald Trade Insults Over Physical Shortcomings (Shabbat 152a),7,0.7103296439806109,Pesachim; Shabbat; Eruvin,Explores the intricate rituals and responsibilities of Temple service
MC-06,"בית המקדש ומשמרת הכהנים - Temple Service and Priestly Duties (Pesachim, Shabbat)",148397039.pt1-prophecy-omens-and-miracles-shimon,"Pt1 Prophecy, Omens, and Miracles: Shimon HaTzaddik and the Foreshadowing of the Second Temple's Destruction (Yoma 39a-b)",8,0.7103296439806109,Pesachim; Shabbat; Eruvin,Explores the intricate rituals and responsibilities of Temple service
MC-06,"בית המקדש ומשמרת הכהנים - Temple Service and Priestly Duties (Pesachim, Shabbat)",156772721.rituals-riches-and-a-deadly-deception,"Rituals, Riches, and a Deadly Deception: Shabbat Preparations, the Definitions of ‘Goodness’ and ‘Wealth,’ and the Collection of Balsam and Murex (Shabbat 25b-26a)",9,0.7103296439806109,Pesachim; Shabbat; Eruvin,Explores the intricate rituals and responsibilities of Temple service
MC-06,"בית המקדש ומשמרת הכהנים - Temple Service and Priestly Duties (Pesachim, Shabbat)",161520059.five-grains-five-vegetables-and-forbidden,"Five Grains, Five Vegetables, and Forbidden Leaven: Passover Laws of Matza, Maror, and Hametz (Mishnah Pesachim 2:5-6, 3:1)",10,0.7103296439806109,Pesachim; Shabbat; Eruvin,Explores the intricate rituals and responsibilities of Temple service
MC-06,"בית המקדש ומשמרת הכהנים - Temple Service and Priestly Duties (Pesachim, Shabbat)",155748111.pt1-hillels-three-converts-lessons,"Pt1 Hillel’s Three Converts: Lessons in Patience, the Oral Torah, and the Golden Rule (Shabbat 31a)",11,0.7103296439806109,Pesachim; Shabbat; Eruvin,Explores the intricate rituals and responsibilities of Temple service
MC-06,"בית המקדש ומשמרת הכהנים - Temple Service and Priestly Duties (Pesachim, Shabbat)",145122405.when-jerusalem-said-no-stories-of,When Jerusalem Said No: Stories of Six Dismissed Offerings in the Second Temple (Mishnah Challah 4:10-11),12,0.7103296439806109,Pesachim; Shabbat; Eruvin,Explores the intricate rituals and responsibilities of Temple service
MC-06,"בית המקדש ומשמרת הכהנים - Temple Service and Priestly Duties (Pesachim, Shabbat)",157603298.ravs-arrival-in-babylonia-karnas,"Rav’s Arrival in Babylonia, Karna’s Test, and Shmuel’s Remedy: A Tale of Testing Scholarship and Curses (Shabbat 108a) ",13,0.7103296439806109,Pesachim; Shabbat; Eruvin,Explores the intricate rituals and responsibilities of Temple service
MC-06,"בית המקדש ומשמרת הכהנים - Temple Service and Priestly Duties (Pesachim, Shabbat)",161585889.labor-lamps-and-livestock-local-norms,"Labor, Lamps, and Livestock: Local Norms, Pluralism, and Halachic Variance by Time and Place (Mishnah Pesachim 4:1-5)",14,0.7103296439806109,Pesachim; Shabbat; Eruvin,Explores the intricate rituals and responsibilities of Temple service
MC-06,"בית המקדש ומשמרת הכהנים - Temple Service and Priestly Duties (Pesachim, Shabbat)",166047131.disputes-between-pharisees-and-sadducees,"Disputes Between Pharisees and Sadducees: Scripture, Impurity, and Legal Reasoning (Mishnah Yadayim 4:6-8)",15,0.7103296439806109,Pesachim; Shabbat; Eruvin,Explores the intricate rituals and responsibilities of Temple service
MC-06,"בית המקדש ומשמרת הכהנים - Temple Service and Priestly Duties (Pesachim, Shabbat)",147227909.bread-vows-witchcraft-and-intoxication,"Bread, Vows, Witchcraft, and Intoxication: Insights from Rabban Gamliel's Journeys (Eruvin 64b-65a)",16,0.7103296439806109,Pesachim; Shabbat; Eruvin,Explores the intricate rituals and responsibilities of Temple service
MC-06,"בית המקדש ומשמרת הכהנים - Temple Service and Priestly Duties (Pesachim, Shabbat)",144551380.a-sugya-of-talmudic-medicine-with,"A Sugya of Talmudic Medicine, with Historical, Linguistic, and Botanical Notes (Shabbat 108b-109a)",17,0.7103296439806109,Pesachim; Shabbat; Eruvin,Explores the intricate rituals and responsibilities of Temple service
MC-07,"בית המקדש ומשמרת הכהנים - Temple Service and Priestly Duties (Pesachim, Shabbat)",157244322.pt1-bodily-afflictions-and-illnesses,"Pt1 Bodily Afflictions and Illnesses as Signs of Sin: Wounds, Edema (Hidrokan), and Diphtheria (Askara) (Shabbat 33a-b)",1,0.6948688557968091,Pesachim; Shabbat; Sanhedrin,Explores the intricate rituals and responsibilities of Temple service
MC-07,"בית המקדש ומשמרת הכהנים - Temple Service and Priestly Duties (Pesachim, Shabbat)",153151108.pt1-dealing-with-dangerous-snakes,"Pt1 Dealing with Dangerous Snakes: Swallowing, Bites, Pursuits, and Attacks (Shabbat 109b-110a)",2,0.6948688557968091,Pesachim; Shabbat; Sanhedrin,Explores the intricate rituals and responsibilities of Temple service
MC-07,"בית המקדש ומשמרת הכהנים - Temple Service and Priestly Duties (Pesachim, Shabbat)",157127796.pt3-due-to-sin-x-occurs-y-divine,"Pt3 ‘Due to Sin [X], Occurs [Y]’: Divine Justice and Human Responsibility for Suffering and Death (Shabbat 32b-33a)",3,0.6948688557968091,Pesachim; Shabbat; Sanhedrin,Explores the intricate rituals and responsibilities of Temple service
MC-07,"בית המקדש ומשמרת הכהנים - Temple Service and Priestly Duties (Pesachim, Shabbat)",152950699.pt3-from-donkey-drivers-to-doctors,"Pt3 From Donkey Drivers to Doctors, Bloodletters to Tanners: Rabbinic Insights and Guidance on Professions (Mishnah Kiddushin 4:14; Talmud ibid., 82a-b)",4,0.6948688557968091,Pesachim; Shabbat; Sanhedrin,Explores the intricate rituals and responsibilities of Temple service
MC-07,"בית המקדש ומשמרת הכהנים - Temple Service and Priestly Duties (Pesachim, Shabbat)",152878368.pt2-from-donkey-drivers-to-doctors,"Pt2 From Donkey Drivers to Doctors, Bloodletters to Tanners: Rabbinic Insights and Guidance on Professions (Mishnah Kiddushin 4:14; Talmud ibid., 82a-b)",5,0.6948688557968091,Pesachim; Shabbat; Sanhedrin,Explores the intricate rituals and responsibilities of Temple service
MC-07,"בית המקדש ומשמרת הכהנים - Temple Service and Priestly Duties (Pesachim, Shabbat)",153298506.pt2-rabbinic-advice-practical-guidance,Pt2 Rabbinic Advice: Practical Guidance from the Talmud (Pesachim 112a-114a),6,0.6948688557968091,Pesachim; Shabbat; Sanhedrin,Explores the intricate rituals and responsibilities of Temple service
MC-07,"בית המקדש ומשמרת הכהנים - Temple Service and Priestly Duties (Pesachim, Shabbat)",151201656.pt1-body-blemish-and-temple-duty,"Pt1 Body, Blemish, and Temple Duty: Physical Deformities that Disqualify Priests from Serving (Mishnah Bekhorot 7:1-6; Leviticus 21:18-20)",7,0.6948688557968091,Pesachim; Shabbat; Sanhedrin,Explores the intricate rituals and responsibilities of Temple service
MC-07,"בית המקדש ומשמרת הכהנים - Temple Service and Priestly Duties (Pesachim, Shabbat)",146705296.perilous-pairs-more-on-the-dangers,"Perilous Pairs: More on the Dangers of Pairs, Demons, and Witchcraft (Pesachim 110a-b)",8,0.6948688557968091,Pesachim; Shabbat; Sanhedrin,Explores the intricate rituals and responsibilities of Temple service
MC-07,"בית המקדש ומשמרת הכהנים - Temple Service and Priestly Duties (Pesachim, Shabbat)",141191230.asking-anything-in-the-entire-world,“Asking Anything in the Entire World”: A Talmudic Sugya of Zoological Questions and Intuitive Etymologies of Aramaic Words (Shabbat 77b),9,0.6948688557968091,Pesachim; Shabbat; Sanhedrin,Explores the intricate rituals and responsibilities of Temple service
MC-07,"בית המקדש ומשמרת הכהנים - Temple Service and Priestly Duties (Pesachim, Shabbat)",153401257.lives-loves-and-hatreds-psychological,"Lives, Loves, and Hatreds: Psychological and Social Commentary on Human Behaviors, Group Dynamics, and Animal Traits (Pesachim 113b)",10,0.6948688557968091,Pesachim; Shabbat; Sanhedrin,Explores the intricate rituals and responsibilities of Temple service
MC-07,"בית המקדש ומשמרת הכהנים - Temple Service and Priestly Duties (Pesachim, Shabbat)",148296463.pt2-to-kill-or-not-to-kill-scorpions,"Pt2 To Kill or Not to Kill: Scorpions, Snakes, and Other Dangerous Creatures on Shabbat (Shabbat 121b)",11,0.6948688557968091,Pesachim; Shabbat; Sanhedrin,Explores the intricate rituals and responsibilities of Temple service
MC-07,"בית המקדש ומשמרת הכהנים - Temple Service and Priestly Duties (Pesachim, Shabbat)",150547774.demon-infested-shadows-sorb-trees,"Pt1 Demon-Infested Shadows: Sorb Trees, Amulets, and Exorcism (Pesachim 111b)",12,0.6948688557968091,Pesachim; Shabbat; Sanhedrin,Explores the intricate rituals and responsibilities of Temple service
MC-07,"בית המקדש ומשמרת הכהנים - Temple Service and Priestly Duties (Pesachim, Shabbat)",151310518.pt3-body-blemish-and-temple-duty,"Pt3 Body, Blemish, and Temple Duty: Physical Deformities that Disqualify Priests from Serving (Mishnah Bekhorot 7:1-6; Leviticus 21:18-20)",13,0.6948688557968091,Pesachim; Shabbat; Sanhedrin,Explores the intricate rituals and responsibilities of Temple service
MC-07,"בית המקדש ומשמרת הכהנים - Temple Service and Priestly Duties (Pesachim, Shabbat)",153010522.a-snake-of-the-rabbis-the-deaths,Of Serpents and Sages: The Stories of the Snakebite Deaths of Ben Dama and the Pumbedita Official (Avodah Zarah 27b; Shabbat 109b-110a),14,0.6948688557968091,Pesachim; Shabbat; Sanhedrin,Explores the intricate rituals and responsibilities of Temple service
MC-07,"בית המקדש ומשמרת הכהנים - Temple Service and Priestly Duties (Pesachim, Shabbat)",152829140.pt1-from-donkey-drivers-to-doctors,"Pt1 From Donkey Drivers to Doctors, Bloodletters to Tanners: Rabbinic Insights and Guidance on Professions (Mishnah Kiddushin 4:14; Talmud ibid., 82a-b)",15,0.6948688557968091,Pesachim; Shabbat; Sanhedrin,Explores the intricate rituals and responsibilities of Temple service
MC-07,"בית המקדש ומשמרת הכהנים - Temple Service and Priestly Duties (Pesachim, Shabbat)",151254178.pt2-body-blemish-and-temple-duty,"Pt2 Body, Blemish, and Temple Duty: Physical Deformities that Disqualify Priests from Serving (Mishnah Bekhorot 7:1-6; Leviticus 21:18-20)",16,0.6948688557968091,Pesachim; Shabbat; Sanhedrin,Explores the intricate rituals and responsibilities of Temple service
MC-07,"בית המקדש ומשמרת הכהנים - Temple Service and Priestly Duties (Pesachim, Shabbat)",148215052.pt2-demons-direction-and-decorum,"Pt2 Demons, Direction, and Decorum: A Talmudic Approach to Hygiene and Outhouse Use (Berakhot 61b-62b)",17,0.6948688557968091,Pesachim; Shabbat; Sanhedrin,Explores the intricate rituals and responsibilities of Temple service
MC-07,"בית המקדש ומשמרת הכהנים - Temple Service and Priestly Duties (Pesachim, Shabbat)",148995628.pt1-from-sodomite-salt-to-demonic,Pt1 From Sodomite Salt to Demonic Gutters: The Hidden Meanings Behind Talmudic Eating Practices (Chullin 105b-106a),18,0.6948688557968091,Pesachim; Shabbat; Sanhedrin,Explores the intricate rituals and responsibilities of Temple service
MC-07,"בית המקדש ומשמרת הכהנים - Temple Service and Priestly Duties (Pesachim, Shabbat)",157302828.pt2-bodily-afflictions-and-illnesses,"Pt2 Bodily Afflictions and Illnesses as Signs of Sin: Wounds, Edema (Hidrokan), and Diphtheria (Askara) (Shabbat 33a-b)",19,0.6948688557968091,Pesachim; Shabbat; Sanhedrin,Explores the intricate rituals and responsibilities of Temple service
MC-07,"בית המקדש ומשמרת הכהנים - Temple Service and Priestly Duties (Pesachim, Shabbat)",152651848.the-fatal-consequences-of-disrespect,The Fatal Consequences of Disrespect and the Art of Medical Diagnosis: Two Talmudic Tales of Shmuel (Nedarim 50b),20,0.6948688557968091,Pesachim; Shabbat; Sanhedrin,Explores the intricate rituals and responsibilities of Temple service
MC-07,"בית המקדש ומשמרת הכהנים - Temple Service and Priestly Duties (Pesachim, Shabbat)",156906680.pt2-sensory-delights-and-echoes-of,"Pt2 Sensory Delights and Echoes of the Divine: The Talmud on Pleasures, Omens, Health and Microcosms (Berakhot 57b)",21,0.6948688557968091,Pesachim; Shabbat; Sanhedrin,Explores the intricate rituals and responsibilities of Temple service
MC-07,"בית המקדש ומשמרת הכהנים - Temple Service and Priestly Duties (Pesachim, Shabbat)",153192140.pt2-dealing-with-dangerous-snakes,"Pt2 Dealing with Dangerous Snakes: Swallowing, Bites, Pursuits, and Attacks (Shabbat 109b-110a)",22,0.6948688557968091,Pesachim; Shabbat; Sanhedrin,Explores the intricate rituals and responsibilities of Temple service
MC-07,"בית המקדש ומשמרת הכהנים - Temple Service and Priestly Duties (Pesachim, Shabbat)",148255022.pt1-to-kill-or-not-to-kill-scorpions,"Pt1 To Kill or Not to Kill: Scorpions, Snakes, and Other Dangerous Creatures on Shabbat (Shabbat 121b)",23,0.6948688557968091,Pesachim; Shabbat; Sanhedrin,Explores the intricate rituals and responsibilities of Temple service
MC-07,"בית המקדש ומשמרת הכהנים - Temple Service and Priestly Duties (Pesachim, Shabbat)",149041947.pt2-from-sodomite-salt-to-demonic,Pt2 From Sodomite Salt to Demonic Gutters: The Hidden Meanings Behind Talmudic Eating Practices (Chullin 105b-106a),24,0.6948688557968091,Pesachim; Shabbat; Sanhedrin,Explores the intricate rituals and responsibilities of Temple service
MC-07,"בית המקדש ומשמרת הכהנים - Temple Service and Priestly Duties (Pesachim, Shabbat)",156977195.pt1-due-to-sin-x-occurs-y-divine,"Pt1 ‘Due to Sin [X], Occurs [Y]’: Divine Justice and Human Responsibility for Suffering and Death (Shabbat 32b-33a)",25,0.6948688557968091,Pesachim; Shabbat; Sanhedrin,Explores the intricate rituals and responsibilities of Temple service
MC-07,"בית המקדש ומשמרת הכהנים - Temple Service and Priestly Duties (Pesachim, Shabbat)",147991946.beasts-of-land-and-sea-talmudic-reflections,"Beasts of Land and Sea: Talmudic Reflections on Animal Habitats, Crossbreeding, and the Infamy of Several Babylonian Towns (Chullin 127a)",26,0.6948688557968091,Pesachim; Shabbat; Sanhedrin,Explores the intricate rituals and responsibilities of Temple service
MC-07,"בית המקדש ומשמרת הכהנים - Temple Service and Priestly Duties (Pesachim, Shabbat)",155992284.from-idlers-to-judges-the-essential,From Idlers to Judges: The Essential 120 Men and Infrastructure Essentials in the Ideal City (Sanhedrin 17b-18a),27,0.6948688557968091,Pesachim; Shabbat; Sanhedrin,Explores the intricate rituals and responsibilities of Temple service
MC-07,"בית המקדש ומשמרת הכהנים - Temple Service and Priestly Duties (Pesachim, Shabbat)",150599902.pt2-demon-infested-shadows-sorb-trees,"Pt2 Demon-Infested Shadows: Sorb Trees, Amulets, and Exorcism (Pesachim 111b)",28,0.6948688557968091,Pesachim; Shabbat; Sanhedrin,Explores the intricate rituals and responsibilities of Temple service
MC-08,דמויות בתלמוד - Talmudic Personalities and Historical Encounters,151541162.processing-mishnah-text-with-python,"Processing Mishnah Text with Python: Cleaning, Formatting, and Enhancing Readability",1,0.6893580771459384,,Studies key rabbinic figures and their intellectual contributions
MC-08,דמויות בתלמוד - Talmudic Personalities and Historical Encounters,146358508.aramaic-identifier-a-python-script,Aramaic Identifier: A Python Script for Identifying Aramaic Passages in Talmudic Texts,2,0.6893580771459384,,Studies key rabbinic figures and their intellectual contributions
MC-08,דמויות בתלמוד - Talmudic Personalities and Historical Encounters,123530564.scripting-the-talmud-automated-talmudic,Scripting the Talmud: Automated Talmudic Text Extraction and Formatting,3,0.6893580771459384,,Studies key rabbinic figures and their intellectual contributions
MC-08,דמויות בתלמוד - Talmudic Personalities and Historical Encounters,159393741.proposal-for-chavrutai-an-ai-chavruta,Proposal for ChavrutAI: An AI Chavruta for Studying Talmud,4,0.6893580771459384,,Studies key rabbinic figures and their intellectual contributions
MC-08,דמויות בתלמוד - Talmudic Personalities and Historical Encounters,130780055.transcript-of-my-presentation-a-selective,Transcript of my presentation: “A Selective Overview of Digital Resources for the Scholarly Study of Rabbinic Texts”,5,0.6893580771459384,,Studies key rabbinic figures and their intellectual contributions
MC-08,דמויות בתלמוד - Talmudic Personalities and Historical Encounters,165246872.mapping-the-high-level-hierarchical,Mapping the High-Level Hierarchical Structure of Classical Hebrew Texts: A Case Study of Graphing Talmudic Chapters and Word Counts,6,0.6893580771459384,,Studies key rabbinic figures and their intellectual contributions
MC-08,דמויות בתלמוד - Talmudic Personalities and Historical Encounters,149698966.pushing-the-boundaries-of-talmudic,Pushing the Boundaries of Talmudic Analysis: A Year in Review,7,0.6893580771459384,,Studies key rabbinic figures and their intellectual contributions
MC-08,דמויות בתלמוד - Talmudic Personalities and Historical Encounters,139813616.more-on-the-formatting-of-the-talmud,"More on the Formatting of the Talmud, especially of Non-Halachic Portions (Aggada), and Analyzing Structure in Aggadic Sugyot",8,0.6893580771459384,,Studies key rabbinic figures and their intellectual contributions
MC-08,דמויות בתלמוד - Talmudic Personalities and Historical Encounters,162799597.mapping-the-talmud-scalable-natural,"Mapping the Talmud: Scalable Natural Language Processing (NLP) for Named Entities, Topics, and Tags in the Talmudic Corpus",9,0.6893580771459384,,Studies key rabbinic figures and their intellectual contributions
MC-08,דמויות בתלמוד - Talmudic Personalities and Historical Encounters,165323656.some-technical-notes-on-sefaria-as,"Some Technical Notes on Sefaria Relating to Talmud: The Missing API Manual, ‘Grounding’ LLMs, and Emulating and Enhancing the Outlines of Talmud Tractates Chapters and Pages",10,0.6893580771459384,,Studies key rabbinic figures and their intellectual contributions
MC-08,דמויות בתלמוד - Talmudic Personalities and Historical Encounters,143413562.how-to-download-sefarias-entire-talmud,How To Download Sefaria's Entire Talmud At Once,11,0.6893580771459384,,Studies key rabbinic figures and their intellectual contributions
MC-08,דמויות בתלמוד - Talmudic Personalities and Historical Encounters,141001943.automated-aggada-formatting-splitting,"Automated Aggada formatting - splitting into sections and lines, bolding verses, and underlining sages (sampling the beginning of Sanhedrin Perek Chelek)",12,0.6893580771459384,,Studies key rabbinic figures and their intellectual contributions
MC-08,דמויות בתלמוד - Talmudic Personalities and Historical Encounters,161863276.the-densest-daf-which-page-of-the,The Densest Daf - Which Page of the Talmud Contains the Most Text? A Word Count Analysis That Definitively Identifies the Talmud’s Wordiest Pages,13,0.6893580771459384,,Studies key rabbinic figures and their intellectual contributions
MC-08,דמויות בתלמוד - Talmudic Personalities and Historical Encounters,152784425.part-one-of-my-collected-blog-posts,"Part One of My Collected Blog Posts Uploaded, and Transforming and Formatting My Blog Archive Using Python",14,0.6893580771459384,,Studies key rabbinic figures and their intellectual contributions
MC-08,דמויות בתלמוד - Talmudic Personalities and Historical Encounters,138609303.ocr-odyssey-taming-text-recognition,OCR Odyssey: Taming Text Recognition for Hebrew Classics,15,0.6893580771459384,,Studies key rabbinic figures and their intellectual contributions
MC-08,דמויות בתלמוד - Talmudic Personalities and Historical Encounters,132719959.further-experiments-in-automating,Further Experiments in Automating Accessible Talmud Layout,16,0.6893580771459384,,Studies key rabbinic figures and their intellectual contributions
MC-08,דמויות בתלמוד - Talmudic Personalities and Historical Encounters,151488417.automating-mishnah-text-analysis,Automating Mishnah Text Analysis with Python: A Step-by-Step Guide,17,0.6893580771459384,,Studies key rabbinic figures and their intellectual contributions
MC-08,דמויות בתלמוד - Talmudic Personalities and Historical Encounters,136746024.pt3-of-scripting-the-talmud-automated,Pt.3 of Scripting the Talmud: Automated Talmudic Text Extraction and Formatting - Emulating Sefaria’s Bilingual Talmud in a Google Doc with Google Apps Script,18,0.6893580771459384,,Studies key rabbinic figures and their intellectual contributions
MC-08,דמויות בתלמוד - Talmudic Personalities and Historical Encounters,162597452.designing-chavrutai-building-a-customized,Designing ChavrutAI: Building a Customized Talmud Interface for the Digital Age,19,0.6893580771459384,,Studies key rabbinic figures and their intellectual contributions
MC-08,דמויות בתלמוד - Talmudic Personalities and Historical Encounters,140613294.how-to-programatically-strip-hebrew,How to Programatically Strip Hebrew Nikud from a Hebrew Text,20,0.6893580771459384,,Studies key rabbinic figures and their intellectual contributions
MC-08,דמויות בתלמוד - Talmudic Personalities and Historical Encounters,125472851.scripting-the-talmud-part2-automated,Scripting the Talmud Part#2: Automated Rashi Text Extraction and digital layout of tzurat daf,21,0.6893580771459384,,Studies key rabbinic figures and their intellectual contributions
MC-08,דמויות בתלמוד - Talmudic Personalities and Historical Encounters,161717404.pt1-chavrutai-in-progress-advancing,Pt1 ChavrutAI Web App in Progress: Advancing the Vision of a More Accessible Talmud,22,0.6893580771459384,,Studies key rabbinic figures and their intellectual contributions
MC-09,"אגדות חז""ל - Talmudic Narratives and Exemplary Tales",137060733.signposts-in-sacred-text-formulaic,Signposts in Sacred Text: Formulaic Terms Used in Talmud Bavli,1,0.6886880972305578,,Examines narrative traditions that convey moral and theological teachings
MC-09,"אגדות חז""ל - Talmudic Narratives and Exemplary Tales",158213116.letter-permutations-tzerufim-in-medieval,Letter Permutations (Tzerufim) in Medieval Hebrew Literature: Origins and Development,2,0.6886880972305578,,Examines narrative traditions that convey moral and theological teachings
MC-09,"אגדות חז""ל - Talmudic Narratives and Exemplary Tales",126812330.symbols-and-syntax-punctuation-and,Symbols and Syntax: Punctuation and Nikud in the Talmud,3,0.6886880972305578,,Examines narrative traditions that convey moral and theological teachings
MC-09,"אגדות חז""ל - Talmudic Narratives and Exemplary Tales",135082393.on-the-historical-accuracy-of-talmudic,On the historical accuracy of Talmudic biographical details and stories,4,0.6886880972305578,,Examines narrative traditions that convey moral and theological teachings
MC-09,"אגדות חז""ל - Talmudic Narratives and Exemplary Tales",137409869.using-a-linguistic-lens-on-midrash,Using A Linguistic Lens on Midrash: Does a Deep Technical Understanding of Modern Linguistics Provide Significant Help in Understanding Drashot in the Talmud and Midrash?,5,0.6886880972305578,,Examines narrative traditions that convey moral and theological teachings
MC-09,"אגדות חז""ל - Talmudic Narratives and Exemplary Tales",135789363.contemporary-methods-of-studying,Contemporary Methods of Studying Talmud - Brisk vs. Academia; and the Artifically Intelligent Lamdan,6,0.6886880972305578,,Examines narrative traditions that convey moral and theological teachings
MC-09,"אגדות חז""ל - Talmudic Narratives and Exemplary Tales",135821958.follow-up-on-contemporary-methods,Follow-up on ‘Contemporary Methods of Studying Talmud - Brisk vs. Academia; and the Artifically Intelligent Lamdan’,7,0.6886880972305578,,Examines narrative traditions that convey moral and theological teachings
MC-09,"אגדות חז""ל - Talmudic Narratives and Exemplary Tales",137287289.notes-regarding-a-critical-lexicon,Notes Regarding A Critical Lexicon of Names in the Talmud - A Survey of Previous Efforts; Patterns Within Individual Sages,8,0.6886880972305578,,Examines narrative traditions that convey moral and theological teachings
MC-10,"בית המקדש ומשמרת הכהנים - Temple Service and Priestly Duties (Yoma, Shabbat)",166507266.nakdimon-ben-guryon-the-roman-hegemon,"Nakdimon ben Guryon, the Roman Hegemon, and the Water Loan Miracle in the Late Second Temple Period (Taanit 19b-20a)",1,0.6843753416038526,Yoma; Shabbat; Eruvin,Explores the intricate rituals and responsibilities of Temple service
MC-10,"בית המקדש ומשמרת הכהנים - Temple Service and Priestly Duties (Yoma, Shabbat)",144865596.menahem-ben-hizkiyya-is-his-name,"“Menaḥem ben Ḥizkiyya is his name”: The Name of the Messiah and the Infant Potential Messiah in the Post-Destruction (Bavli Sanhedrin 98b; Yerushalmi Berakhot 2:4, #12)",2,0.6843753416038526,Yoma; Shabbat; Eruvin,Explores the intricate rituals and responsibilities of Temple service
MC-10,"בית המקדש ומשמרת הכהנים - Temple Service and Priestly Duties (Yoma, Shabbat)",150700633.from-broad-doorways-to-needles-eye,From Broad Doorways to Needle's Eye: Generational Decline in Wisdom According to the Talmud (Eruvin 53a),3,0.6843753416038526,Yoma; Shabbat; Eruvin,Explores the intricate rituals and responsibilities of Temple service
MC-10,"בית המקדש ומשמרת הכהנים - Temple Service and Priestly Duties (Yoma, Shabbat)",149866627.pt1-the-prophet-the-prostitutes-and,"Pt1 The Prophet, the Prostitutes, and the Curses Reversed: The Biblical Story of Balaam in Talmudic Interpretation (Sanhedrin 105b-106b)",4,0.6843753416038526,Yoma; Shabbat; Eruvin,Explores the intricate rituals and responsibilities of Temple service
MC-10,"בית המקדש ומשמרת הכהנים - Temple Service and Priestly Duties (Yoma, Shabbat)",144649952.rose-water-and-decadence-rava-and,Rose Water and Decadence: Rava and the Pleasure-seeking Bar-Sheshakh (Avodah Zarah 65a),5,0.6843753416038526,Yoma; Shabbat; Eruvin,Explores the intricate rituals and responsibilities of Temple service
MC-10,"בית המקדש ומשמרת הכהנים - Temple Service and Priestly Duties (Yoma, Shabbat)",139689887.sanhedrin-12a-an-ancient-coded-letter,An Ancient Coded Letter Embedded in the Talmud (Sanhedrin 12a),6,0.6843753416038526,Yoma; Shabbat; Eruvin,Explores the intricate rituals and responsibilities of Temple service
MC-10,"בית המקדש ומשמרת הכהנים - Temple Service and Priestly Duties (Yoma, Shabbat)",152181547.joy-waterskin-and-students-of-jesus,"Joy, Waterskin, and Students of Jesus: Talmudic Wordplay on the Names of Heretics (Sukkah 48b; Sanhedrin 43a)",7,0.6843753416038526,Yoma; Shabbat; Eruvin,Explores the intricate rituals and responsibilities of Temple service
MC-10,"בית המקדש ומשמרת הכהנים - Temple Service and Priestly Duties (Yoma, Shabbat)",149335391.on-whom-can-we-rely-literary-laments,"""On Whom Can We Rely?” Literary Laments of a Fallen Society in the Mishnah (Mishnah Sotah 9:15)",8,0.6843753416038526,Yoma; Shabbat; Eruvin,Explores the intricate rituals and responsibilities of Temple service
MC-10,"בית המקדש ומשמרת הכהנים - Temple Service and Priestly Duties (Yoma, Shabbat)",146462817.the-purse-the-grave-and-the-lentil,"The Purse, the Grave, and the Lentil: A Dramatic Talmudic Tale of Trust and Treachery (Yoma 83b)",9,0.6843753416038526,Yoma; Shabbat; Eruvin,Explores the intricate rituals and responsibilities of Temple service
MC-10,"בית המקדש ומשמרת הכהנים - Temple Service and Priestly Duties (Yoma, Shabbat)",152126211.captivity-and-purity-the-story-of,Captivity and Purity: The Story of Shmuel’s Daughters (Ketubot 23a),10,0.6843753416038526,Yoma; Shabbat; Eruvin,Explores the intricate rituals and responsibilities of Temple service
MC-10,"בית המקדש ומשמרת הכהנים - Temple Service and Priestly Duties (Yoma, Shabbat)",146232871.pt1-selected-dream-interpretations,"Pt1 Selected Dream Interpretations, Especially Those Relating to Illicit Sex (Berakhot 56a-57b)",11,0.6843753416038526,Yoma; Shabbat; Eruvin,Explores the intricate rituals and responsibilities of Temple service
MC-10,"בית המקדש ומשמרת הכהנים - Temple Service and Priestly Duties (Yoma, Shabbat)",150245888.pt2-king-david-the-altar-drainpipes,"Pt2 King David, the Altar Drainpipes, and the Tehom: The Dramatic Tale of How He Nearly Unleashed a Global Flood but Successfully Averted It (Sukkah 49a; 53a-b)",12,0.6843753416038526,Yoma; Shabbat; Eruvin,Explores the intricate rituals and responsibilities of Temple service
MC-10,"בית המקדש ומשמרת הכהנים - Temple Service and Priestly Duties (Yoma, Shabbat)",147771794.from-animal-attacks-to-biblical-miracles,From Animal Attacks to Biblical Miracles: Blessings at the Sites of Supernatural Rescues (Berakhot 54a),13,0.6843753416038526,Yoma; Shabbat; Eruvin,Explores the intricate rituals and responsibilities of Temple service
MC-10,"בית המקדש ומשמרת הכהנים - Temple Service and Priestly Duties (Yoma, Shabbat)",141118356.monotheism-defended-the-story-of,Monotheism Defended: The Story of Rabbi Yehuda HaNasi Debating a Theistic Dualist (Chullin 87a),14,0.6843753416038526,Yoma; Shabbat; Eruvin,Explores the intricate rituals and responsibilities of Temple service
MC-11,"בית המקדש ומשמרת הכהנים - Temple Service and Priestly Duties (Yoma, Shabbat)",140087266.the-land-of-canaan-is-ours-alexander,'The Land of Canaan is Ours': Alexander the Great as Moderator of Territorial Claims on 'Canaan' by Africans and Arabs in the Talmud (Sanhedrin 91a),1,0.6789408349780428,Yoma; Shabbat; Eruvin,Explores the intricate rituals and responsibilities of Temple service
MC-11,"בית המקדש ומשמרת הכהנים - Temple Service and Priestly Duties (Yoma, Shabbat)",151363067.proclus-and-rabban-gamliel-a-philosophical,Proclus and Rabban Gamliel: A Philosophical Exchange on Idolatry and Civic Spaces Outside of Aphrodite's Bathhouse (Mishnah Avodah Zarah 3:4),2,0.6789408349780428,Yoma; Shabbat; Eruvin,Explores the intricate rituals and responsibilities of Temple service
MC-11,"בית המקדש ומשמרת הכהנים - Temple Service and Priestly Duties (Yoma, Shabbat)",152389832.pt1-the-talmudic-tales-of-alexander,"Pt1 The Talmudic Tales of Alexander the Great’s Adventures in Africa: The Mountains of Darkness, the City of Women, and the Waters of Eden (Tamid 32a-b)",3,0.6789408349780428,Yoma; Shabbat; Eruvin,Explores the intricate rituals and responsibilities of Temple service
MC-11,"בית המקדש ומשמרת הכהנים - Temple Service and Priestly Duties (Yoma, Shabbat)",140072849.the-man-with-the-nose-is-wanted-the,“The Man with the Nose is Wanted”: The Talmudic Story of Tineius Rufus and Rabban Gamliel (Taanit 29a),4,0.6789408349780428,Yoma; Shabbat; Eruvin,Explores the intricate rituals and responsibilities of Temple service
MC-11,"בית המקדש ומשמרת הכהנים - Temple Service and Priestly Duties (Yoma, Shabbat)",148522439.from-mnemonics-to-miscommunication,"From Mnemonics to Miscommunication: A Talmudic Comparative Study of Judean and Galilean Aramaic Speech, Torah Study Methods, and Sociolinguistics (Eruvin 53a-b)",5,0.6789408349780428,Yoma; Shabbat; Eruvin,Explores the intricate rituals and responsibilities of Temple service
MC-11,"בית המקדש ומשמרת הכהנים - Temple Service and Priestly Duties (Yoma, Shabbat)",149905957.pt2-the-prophet-the-prostitutes-and,"Pt2 The Prophet, the Prostitutes, and the Curses Reversed: The Biblical Story of Balaam in Talmudic Interpretation (Sanhedrin 105b-106b)",6,0.6789408349780428,Yoma; Shabbat; Eruvin,Explores the intricate rituals and responsibilities of Temple service
MC-11,"בית המקדש ומשמרת הכהנים - Temple Service and Priestly Duties (Yoma, Shabbat)",140802602.a-sequence-of-eleven-stories-of-talmudic,A Sequence of Eleven Stories of Talmudic Rabbis as Empirical Linguists (Rosh Hashanah 26a-b),7,0.6789408349780428,Yoma; Shabbat; Eruvin,Explores the intricate rituals and responsibilities of Temple service
MC-11,"בית המקדש ומשמרת הכהנים - Temple Service and Priestly Duties (Yoma, Shabbat)",151588381.pt1-defending-god-biblical-monotheism,"Pt1 Defending God, Biblical Monotheism, and Jewish Distinctiveness: Twelve Dialogues Between Sages and Challengers in the Talmud (Sanhedrin 38b-39a)",8,0.6789408349780428,Yoma; Shabbat; Eruvin,Explores the intricate rituals and responsibilities of Temple service
MC-11,"בית המקדש ומשמרת הכהנים - Temple Service and Priestly Duties (Yoma, Shabbat)",140055867.basilica-stoas-and-cathedras-a-historical,"Basilica, Stoa, and Cathedra: A Historical and Linguistic Analysis of the Talmudic Passage on the Synagogue of Alexandria (Sukkah 51b)",9,0.6789408349780428,Yoma; Shabbat; Eruvin,Explores the intricate rituals and responsibilities of Temple service
MC-11,"בית המקדש ומשמרת הכהנים - Temple Service and Priestly Duties (Yoma, Shabbat)",154656449.between-rome-heresy-and-heaven-r,Roman Hegemon and Divine Judgement: R’ Eliezer’s Heresy Trial and a Teaching Attributed to Jesus on Using a Prostitute's Earnings to Fund a Temple Bathroom (Avodah Zarah 16b-17a),10,0.6789408349780428,Yoma; Shabbat; Eruvin,Explores the intricate rituals and responsibilities of Temple service
MC-11,"בית המקדש ומשמרת הכהנים - Temple Service and Priestly Duties (Yoma, Shabbat)",153060600.stars-serpents-and-salvation-three,"Stars, Serpents, and Salvation: Three Talmudic Tales of Astrological Fate and Divine Intervention (Shabbat 156b)",11,0.6789408349780428,Yoma; Shabbat; Eruvin,Explores the intricate rituals and responsibilities of Temple service
MC-11,"בית המקדש ומשמרת הכהנים - Temple Service and Priestly Duties (Yoma, Shabbat)",159808842.pharaohs-deception-the-mechanics,"Pharaoh’s Deception, the Mechanics of Oppression, and Divine Justice: Talmudic Interpretations of Exodus 1:10-14 (Sotah 11a-b)",12,0.6789408349780428,Yoma; Shabbat; Eruvin,Explores the intricate rituals and responsibilities of Temple service
MC-11,"בית המקדש ומשמרת הכהנים - Temple Service and Priestly Duties (Yoma, Shabbat)",151683851.pt3-defending-god-biblical-monotheism,"Pt3 Defending God, Biblical Monotheism, and Jewish Distinctiveness: Twelve Dialogues Between Sages and Challengers in the Talmud (Sanhedrin 38b-39a)",13,0.6789408349780428,Yoma; Shabbat; Eruvin,Explores the intricate rituals and responsibilities of Temple service
MC-12,"בית המקדש ומשמרת הכהנים - Temple Service and Priestly Duties (Pesachim, Megillah)",143669165.three-talmudic-stories-about-the,Three Talmudic Stories about the Righteous Community of Kefar Sekhanya of Egypt (Gittin 57a),1,0.6742892599801464,Pesachim; Megillah; Shabbat,Explores the intricate rituals and responsibilities of Temple service
MC-12,"בית המקדש ומשמרת הכהנים - Temple Service and Priestly Duties (Pesachim, Megillah)",147025576.pt2-the-humiliation-of-haman-the,Pt2 The Humiliation of Haman: The Dramatic Talmudic Elaboration of the Biblical Verse of Haman Carrying out King Ahasuerus's Orders to Honor Mordecai (Esther 6:11-12; Megillah 16a),2,0.6742892599801464,Pesachim; Megillah; Shabbat,Explores the intricate rituals and responsibilities of Temple service
MC-12,"בית המקדש ומשמרת הכהנים - Temple Service and Priestly Duties (Pesachim, Megillah)",155221304.pt2-rabbinic-elitism-and-the-am-haaretz,"Pt2 Rabbinic Elitism and the Am Ha’aretz: Hierarchy, Hostility, Hatred, and Distrust (Pesachim 49b)",3,0.6742892599801464,Pesachim; Megillah; Shabbat,Explores the intricate rituals and responsibilities of Temple service
MC-12,"בית המקדש ומשמרת הכהנים - Temple Service and Priestly Duties (Pesachim, Megillah)",165073643.tractate-kinyanim-modes-of-acquisition,"‘Tractate Kinyanim’: Modes of Acquiring People, Livestock, Land and More (Mishnah Kiddushin 1:1-6)",4,0.6742892599801464,Pesachim; Megillah; Shabbat,Explores the intricate rituals and responsibilities of Temple service
MC-12,"בית המקדש ומשמרת הכהנים - Temple Service and Priestly Duties (Pesachim, Megillah)",159534384.pt2-ahers-apostasy-and-its-aftermath,Pt2 Aḥer’s Apostasy and Its Aftermath (Chagigah 15a-b),5,0.6742892599801464,Pesachim; Megillah; Shabbat,Explores the intricate rituals and responsibilities of Temple service
MC-12,"בית המקדש ומשמרת הכהנים - Temple Service and Priestly Duties (Pesachim, Megillah)",145823470.pt2-stories-of-disinheritance-and,Pt2 Stories of Disinheritance and Consecration to the Temple (Bava Batra 133b-134a),6,0.6742892599801464,Pesachim; Megillah; Shabbat,Explores the intricate rituals and responsibilities of Temple service
MC-12,"בית המקדש ומשמרת הכהנים - Temple Service and Priestly Duties (Pesachim, Megillah)",139880986.r-meirs-suspicious-brushes-with-sexual,"R' Meir's Suspicious Brushes with Sexual Indiscretions, and His Encounters with Roman Troops, as Depicted in the Talmud (Avodah Zarah 18a-b; Sanhedrin 11a; Kiddushin 81a)",7,0.6742892599801464,Pesachim; Megillah; Shabbat,Explores the intricate rituals and responsibilities of Temple service
MC-12,"בית המקדש ומשמרת הכהנים - Temple Service and Priestly Duties (Pesachim, Megillah)",159046473.talmudic-interpretations-of-the-book-1e0,Talmudic Interpretations of the Book of Esther: Esther 5:6-6:10 (Megillah 15b-16a),8,0.6742892599801464,Pesachim; Megillah; Shabbat,Explores the intricate rituals and responsibilities of Temple service
MC-12,"בית המקדש ומשמרת הכהנים - Temple Service and Priestly Duties (Pesachim, Megillah)",160047246.from-azubah-to-zohar-reading-miriam,From Azubah to Zohar: Reading Miriam and Caleb in the Genealogies of the Book of Chronicles (Sotah 12a),9,0.6742892599801464,Pesachim; Megillah; Shabbat,Explores the intricate rituals and responsibilities of Temple service
MC-12,"בית המקדש ומשמרת הכהנים - Temple Service and Priestly Duties (Pesachim, Megillah)",143630956.three-talmudic-stories-of-cryptic,Three Talmudic Stories of Cryptic Statements by Commoners Correctly Interpreted by the Biblical Mordechai (Menachot 64b-65a),10,0.6742892599801464,Pesachim; Megillah; Shabbat,Explores the intricate rituals and responsibilities of Temple service
MC-12,"בית המקדש ומשמרת הכהנים - Temple Service and Priestly Duties (Pesachim, Megillah)",148714610.deathbed-gifts-in-talmudic-law-six,Deathbed Gifts in Talmudic Law: Six Cases Ruled by Rav Naḥman (Bava Batra 151a-b),11,0.6742892599801464,Pesachim; Megillah; Shabbat,Explores the intricate rituals and responsibilities of Temple service
MC-12,"בית המקדש ומשמרת הכהנים - Temple Service and Priestly Duties (Pesachim, Megillah)",151861628.further-experiments-in-halachic-talmudic,Further Experiments in Halachic Talmudic Sugya Layout: Wedding Gift Obligation Rules (Bava Batra 145),12,0.6742892599801464,Pesachim; Megillah; Shabbat,Explores the intricate rituals and responsibilities of Temple service
MC-12,"בית המקדש ומשמרת הכהנים - Temple Service and Priestly Duties (Pesachim, Megillah)",146986234.pt1-the-humiliation-of-haman-the,Pt1 The Humiliation of Haman: The Dramatic Talmudic Elaboration of the Biblical Verse of Haman Carrying out King Ahasuerus's Orders to Honor Mordecai (Esther 6:11-12; Megillah 16a),13,0.6742892599801464,Pesachim; Megillah; Shabbat,Explores the intricate rituals and responsibilities of Temple service
MC-12,"בית המקדש ומשמרת הכהנים - Temple Service and Priestly Duties (Pesachim, Megillah)",145972596.huna-our-friend-we-wish-you-peace,"“Huna, our friend, we wish you peace!”: The Story of a Tense Correspondence between Rav Anan and Rav Huna (Ketubot 69a-b)",14,0.6742892599801464,Pesachim; Megillah; Shabbat,Explores the intricate rituals and responsibilities of Temple service
MC-12,"בית המקדש ומשמרת הכהנים - Temple Service and Priestly Duties (Pesachim, Megillah)",164919646.book-of-ruth-2-3-through-talmudic,"Book of Ruth 2-3 Through Talmudic Eyes: Intelligence, Modesty, and Davidic Descendants (Shabbat 113b-114a)",15,0.6742892599801464,Pesachim; Megillah; Shabbat,Explores the intricate rituals and responsibilities of Temple service
MC-12,"בית המקדש ומשמרת הכהנים - Temple Service and Priestly Duties (Pesachim, Megillah)",158755126.talmudic-interpretations-of-the-book-64f,Talmudic Interpretations of the Book of Esther: Esther 2:6-20 (Megillah 13a),16,0.6742892599801464,Pesachim; Megillah; Shabbat,Explores the intricate rituals and responsibilities of Temple service
MC-12,"בית המקדש ומשמרת הכהנים - Temple Service and Priestly Duties (Pesachim, Megillah)",158691821.talmudic-interpretations-of-the-book-c6a,Talmudic Interpretations of the Book of Esther: Esther 1:16-2:5 (Megillah 12b),17,0.6742892599801464,Pesachim; Megillah; Shabbat,Explores the intricate rituals and responsibilities of Temple service
MC-12,"בית המקדש ומשמרת הכהנים - Temple Service and Priestly Duties (Pesachim, Megillah)",148479422.wisdom-from-the-margins-clever-women,Wisdom from the Margins: Clever Women and Children in Talmudic Tales (Eruvin 53b),18,0.6742892599801464,Pesachim; Megillah; Shabbat,Explores the intricate rituals and responsibilities of Temple service
MC-12,"בית המקדש ומשמרת הכהנים - Temple Service and Priestly Duties (Pesachim, Megillah)",139976372.preparing-her-mouth-and-turning-her,"""Preparing Her Mouth"" and ""Turning Her Back"": The Talmud on the “The Bad Wife” (Yevamot 63b)",19,0.6742892599801464,Pesachim; Megillah; Shabbat,Explores the intricate rituals and responsibilities of Temple service
MC-12,"בית המקדש ומשמרת הכהנים - Temple Service and Priestly Duties (Pesachim, Megillah)",153668995.tainted-lineage-lost-wealth-and-divine,"Tainted Lineage, Lost Wealth, and Divine Judgment: The Consequences of Unsuitable Marriages (Kiddushin 70a)",20,0.6742892599801464,Pesachim; Megillah; Shabbat,Explores the intricate rituals and responsibilities of Temple service
MC-12,"בית המקדש ומשמרת הכהנים - Temple Service and Priestly Duties (Pesachim, Megillah)",145785823.pt1-stories-of-disinheritance-and,Pt1 Stories of Disinheritance and Consecration to the Temple (Bava Batra 133b-134a),21,0.6742892599801464,Pesachim; Megillah; Shabbat,Explores the intricate rituals and responsibilities of Temple service
MC-12,"בית המקדש ומשמרת הכהנים - Temple Service and Priestly Duties (Pesachim, Megillah)",151808934.pt2-from-kohl-to-lime-a-talmudic,Pt2 From Kohl to Lime: A Talmudic Discussion of Cosmetics and Hair Removal (Moed Katan 9b),22,0.6742892599801464,Pesachim; Megillah; Shabbat,Explores the intricate rituals and responsibilities of Temple service
MC-12,"בית המקדש ומשמרת הכהנים - Temple Service and Priestly Duties (Pesachim, Megillah)",145855580.a-talmudic-story-mocking-a-corrupt,A Talmudic Story Mocking a Corrupt Christian Philosopher (Shabbat 116a-b),23,0.6742892599801464,Pesachim; Megillah; Shabbat,Explores the intricate rituals and responsibilities of Temple service
MC-12,"בית המקדש ומשמרת הכהנים - Temple Service and Priestly Duties (Pesachim, Megillah)",153600567.pt1-rav-yehuda-vs-rav-nahman-a-talmudic,"Pt1 Rav Yehuda vs. Rav Naḥman: A Talmudic Clash Over Speech, Social Status, and Slavery (Kiddushin 70a-b)",24,0.6742892599801464,Pesachim; Megillah; Shabbat,Explores the intricate rituals and responsibilities of Temple service
MC-12,"בית המקדש ומשמרת הכהנים - Temple Service and Priestly Duties (Pesachim, Megillah)",139011066.accessible-talmud-example-from-talmud,"Accessible Talmud - Example from Talmud Bavli, Yevamot Chapter 6 (54a)",25,0.6742892599801464,Pesachim; Megillah; Shabbat,Explores the intricate rituals and responsibilities of Temple service
MC-12,"בית המקדש ומשמרת הכהנים - Temple Service and Priestly Duties (Pesachim, Megillah)",160476150.pt2-the-seven-prophetesses-of-israel,Pt2 The Seven Prophetesses of Israel (Megillah 14a-b),26,0.6742892599801464,Pesachim; Megillah; Shabbat,Explores the intricate rituals and responsibilities of Temple service
MC-12,"בית המקדש ומשמרת הכהנים - Temple Service and Priestly Duties (Pesachim, Megillah)",136452423.notes-on-some-interesting-and-unusual,The Geonic Bracha on Virginity (ברכת בתולים),27,0.6742892599801464,Pesachim; Megillah; Shabbat,Explores the intricate rituals and responsibilities of Temple service
MC-12,"בית המקדש ומשמרת הכהנים - Temple Service and Priestly Duties (Pesachim, Megillah)",147733357.wine-women-and-widowhood-a-talmudic,"Wine, Women, and Widowhood: A Talmudic Exploration of Behavior and Stipends (Ketubot 65a)",28,0.6742892599801464,Pesachim; Megillah; Shabbat,Explores the intricate rituals and responsibilities of Temple service
MC-12,"בית המקדש ומשמרת הכהנים - Temple Service and Priestly Duties (Pesachim, Megillah)",149649253.divine-beauty-or-prohibited-gaze,Divine Beauty or Prohibited Gaze? The Talmud on Admiring Non-Jewish Women (Avodah Zarah 20a-b),29,0.6742892599801464,Pesachim; Megillah; Shabbat,Explores the intricate rituals and responsibilities of Temple service
MC-12,"בית המקדש ומשמרת הכהנים - Temple Service and Priestly Duties (Pesachim, Megillah)",158499572.talmudic-interpretations-of-the-book,Talmudic Interpretations of the Book of Esther: Esther 1:3-9 (Megillah 12a),30,0.6742892599801464,Pesachim; Megillah; Shabbat,Explores the intricate rituals and responsibilities of Temple service
MC-12,"בית המקדש ומשמרת הכהנים - Temple Service and Priestly Duties (Pesachim, Megillah)",144900155.between-heaven-and-earth-the-tale,Between Heaven and Earth: The Tale of Shmuel and the Orphans’ Money (Berakhot 18b),31,0.6742892599801464,Pesachim; Megillah; Shabbat,Explores the intricate rituals and responsibilities of Temple service
MC-12,"בית המקדש ומשמרת הכהנים - Temple Service and Priestly Duties (Pesachim, Megillah)",152086105.righteousness-or-witchcraft-rav-nahmans,Righteousness or Witchcraft? Rav Naḥman’s Daughters And The Captivity and Miraculous Escape of Rav Ilish (Gittin 45a),32,0.6742892599801464,Pesachim; Megillah; Shabbat,Explores the intricate rituals and responsibilities of Temple service
MC-12,"בית המקדש ומשמרת הכהנים - Temple Service and Priestly Duties (Pesachim, Megillah)",149236974.pt1-the-end-of-an-era-the-mishnah,Pt1 The End of an Era: The Mishnah on Societal Decline and the Discontinuation of Rituals (Mishnah Sotah 9:9-15),33,0.6742892599801464,Pesachim; Megillah; Shabbat,Explores the intricate rituals and responsibilities of Temple service
MC-12,"בית המקדש ומשמרת הכהנים - Temple Service and Priestly Duties (Pesachim, Megillah)",146745310.supernatural-fruit-and-fatal-beauty,"Supernatural Fruit and Fatal Beauty: R' Yosei of Yokrat, the “merciless” sage who wished his son and daughter to die (Taanit 23b-24a)",34,0.6742892599801464,Pesachim; Megillah; Shabbat,Explores the intricate rituals and responsibilities of Temple service
MC-12,"בית המקדש ומשמרת הכהנים - Temple Service and Priestly Duties (Pesachim, Megillah)",149139770.clever-speech-talmudic-riddles-rebuses,"""Clever Speech"": Seven Talmudic Riddles, Rebuses, and Bilingual Wordplays (Eruvin 53b)",35,0.6742892599801464,Pesachim; Megillah; Shabbat,Explores the intricate rituals and responsibilities of Temple service
MC-12,"בית המקדש ומשמרת הכהנים - Temple Service and Priestly Duties (Pesachim, Megillah)",162957360.sustenance-and-the-strange-grotesque,"Sustenance and the Strange: Grotesque Talmudic Accounts of Miracles, Deformity, and Domestic Survival (Shabbat 53b)",36,0.6742892599801464,Pesachim; Megillah; Shabbat,Explores the intricate rituals and responsibilities of Temple service
MC-12,"בית המקדש ומשמרת הכהנים - Temple Service and Priestly Duties (Pesachim, Megillah)",152312817.wine-wordplay-and-wedding-tensions,"Wine, Wordplay, and Wedding Tensions: Bar Kappara’s Queries Regarding Biblical Denunciations and R' Yehuda HaNasi’s Unwilling Dance (Nedarim 51a)",37,0.6742892599801464,Pesachim; Megillah; Shabbat,Explores the intricate rituals and responsibilities of Temple service
MC-12,"בית המקדש ומשמרת הכהנים - Temple Service and Priestly Duties (Pesachim, Megillah)",158350315.pt1-thematic-introductions-to-the,Pt1 Thematic Introductions to the Book of Esther in the Talmud (Megillah 10b-11a),38,0.6742892599801464,Pesachim; Megillah; Shabbat,Explores the intricate rituals and responsibilities of Temple service
MC-12,"בית המקדש ומשמרת הכהנים - Temple Service and Priestly Duties (Pesachim, Megillah)",140728344.a-sequence-of-twelve-statements-of,A Sequence of Twelve Statements of Practical Advice to Young Yeshiva Students by Rav Ḥisda (Shabbat 140b),39,0.6742892599801464,Pesachim; Megillah; Shabbat,Explores the intricate rituals and responsibilities of Temple service
MC-12,"בית המקדש ומשמרת הכהנים - Temple Service and Priestly Duties (Pesachim, Megillah)",146869991.abundance-in-ancient-israel-talmudic,Abundance in Ancient Israel: Talmudic Accounts of Extraordinary Fruits and Families (Berakhot 44a),40,0.6742892599801464,Pesachim; Megillah; Shabbat,Explores the intricate rituals and responsibilities of Temple service
MC-12,"בית המקדש ומשמרת הכהנים - Temple Service and Priestly Duties (Pesachim, Megillah)",152500666.pt1-r-yehuda-hanasi-and-bar-kappara,"Pt1 R' Yehuda HaNasi and Bar Kappara: Talmudic Stories of Humor, Wealth, and Reflection (Nedarim 50b-51a)",41,0.6742892599801464,Pesachim; Megillah; Shabbat,Explores the intricate rituals and responsibilities of Temple service
MC-12,"בית המקדש ומשמרת הכהנים - Temple Service and Priestly Duties (Pesachim, Megillah)",155144673.pt1-rabbinic-elitism-and-the-am-haaretz,"Pt1 Rabbinic Elitism and the Am Ha’aretz: Hierarchy, Hostility, Hatred, and Distrust (Pesachim 49b)",42,0.6742892599801464,Pesachim; Megillah; Shabbat,Explores the intricate rituals and responsibilities of Temple service
MC-12,"בית המקדש ומשמרת הכהנים - Temple Service and Priestly Duties (Pesachim, Megillah)",144828145.stories-of-marriage-mortality-and,"Stories of Marriage, Mortality, and Mishaps: The Talmud’s Views on Consecutive Calamities (Yevamot 64b)",43,0.6742892599801464,Pesachim; Megillah; Shabbat,Explores the intricate rituals and responsibilities of Temple service
MC-12,"בית המקדש ומשמרת הכהנים - Temple Service and Priestly Duties (Pesachim, Megillah)",145939128.gathering-barley-from-among-the-dung,"“Gathering Barley from Arabs' Animals' Dung"": The Dramatic Fall from Grace of Nakdimon ben Guryon’s Daughter (Ketubot 66b-67a)",44,0.6742892599801464,Pesachim; Megillah; Shabbat,Explores the intricate rituals and responsibilities of Temple service
MC-12,"בית המקדש ומשמרת הכהנים - Temple Service and Priestly Duties (Pesachim, Megillah)",155317341.pt3-rabbinic-elitism-and-the-am-haaretz,"Pt3 Rabbinic Elitism and the Am Ha’aretz: Hierarchy, Hostility, Hatred, and Distrust (Pesachim 49b)",45,0.6742892599801464,Pesachim; Megillah; Shabbat,Explores the intricate rituals and responsibilities of Temple service
MC-12,"בית המקדש ומשמרת הכהנים - Temple Service and Priestly Duties (Pesachim, Megillah)",159236477.talmudic-interpretations-of-the-book-9d0,Talmudic Interpretations of the Book of Esther: Esther 8:16-10:3 (Megillah 16b),46,0.6742892599801464,Pesachim; Megillah; Shabbat,Explores the intricate rituals and responsibilities of Temple service
MC-12,"בית המקדש ומשמרת הכהנים - Temple Service and Priestly Duties (Pesachim, Megillah)",147694172.the-sasanian-province-of-huzistan,"The Sasanian Province of Ḥuzistan in the Talmud: Stories of Conflict, Commerce, Marriage, and Mourning",47,0.6742892599801464,Pesachim; Megillah; Shabbat,Explores the intricate rituals and responsibilities of Temple service
MC-13,"אגדות חז""ל - Talmudic Narratives and Exemplary Tales",127096006.orthodox-tensions-the-sefaria-controversy,Ultra-Orthodox Tensions: The Sefaria Controversy and the Struggle Between Tradition and Modernity,1,0.6702422087003188,,Examines narrative traditions that convey moral and theological teachings
MC-13,"אגדות חז""ל - Talmudic Narratives and Exemplary Tales",121126363.guide-to-online-resources-for-scholarly,Guide to Online Resources for Scholarly Jewish Study and Research - 2023,2,0.6702422087003188,,Examines narrative traditions that convey moral and theological teachings
MC-13,"אגדות חז""ל - Talmudic Narratives and Exemplary Tales",135299977.notes-on-some-literary-forgeries,Notes on some Literary forgeries of Jewish works in the Late Modern Period (1756-1965),3,0.6702422087003188,,Examines narrative traditions that convey moral and theological teachings
MC-13,"אגדות חז""ל - Talmudic Narratives and Exemplary Tales",127065204.evaluating-al-hatorahs-digital-repository,"Evaluating Al-Hatorah's Digital Repository: Exploring Its Excellent Tanakh and Talmud Commentaries, and More",4,0.6702422087003188,,Examines narrative traditions that convey moral and theological teachings
MC-13,"אגדות חז""ל - Talmudic Narratives and Exemplary Tales",121363207.towards-decoding-ha-yeriah-ha-gedolah,"Towards Decoding Ha-Yeriah Ha-Gedolah (The Great Parchment), a cryptic 14th century Italian kabbalistic text",5,0.6702422087003188,,Examines narrative traditions that convey moral and theological teachings
MC-13,"אגדות חז""ל - Talmudic Narratives and Exemplary Tales",135518669.cataloguing-my-blogposts-an-organized-78d,Cataloging My Blogposts: An Organized Breakdown by Category,6,0.6702422087003188,,Examines narrative traditions that convey moral and theological teachings
MC-13,"אגדות חז""ל - Talmudic Narratives and Exemplary Tales",133648037.jewish-studies-books-on-amazon-kindle,Jewish Studies books on Amazon Kindle: A Discussion and Recommended Titles,7,0.6702422087003188,,Examines narrative traditions that convey moral and theological teachings
MC-13,"אגדות חז""ל - Talmudic Narratives and Exemplary Tales",141151021.answering-questions-with-questions,Answering Questions with Questions: On The Frequent Use of Rhetorical Questions in the Talmud,8,0.6702422087003188,,Examines narrative traditions that convey moral and theological teachings
MC-13,"אגדות חז""ל - Talmudic Narratives and Exemplary Tales",154065444.popular-myths-about-the-talmud-a,Popular Myths About the Talmud: A Critical Examination,9,0.6702422087003188,,Examines narrative traditions that convey moral and theological teachings
MC-13,"אגדות חז""ל - Talmudic Narratives and Exemplary Tales",161942472.a-computational-approach-to-identifying,A Computational Approach to Identifying and Mapping Aggadic Content in the Talmud: Word Count as a Robust Proxy Indicator,10,0.6702422087003188,,Examines narrative traditions that convey moral and theological teachings
MC-13,"אגדות חז""ל - Talmudic Narratives and Exemplary Tales",128528394.cataloguing-my-blogposts-an-organized,Cataloguing My Blogposts: An Organized Breakdown by Theme - v1,11,0.6702422087003188,,Examines narrative traditions that convey moral and theological teachings
MC-13,"אגדות חז""ל - Talmudic Narratives and Exemplary Tales",123252285.faith-in-flux-voices-from-the-fringes,Faith in Flux: Voices from the Fringes of Ultra-Orthodox Judaism,12,0.6702422087003188,,Examines narrative traditions that convey moral and theological teachings
MC-13,"אגדות חז""ל - Talmudic Narratives and Exemplary Tales",132991832.was-abraham-a-lamdan,Was Abraham a Lamdan?,13,0.6702422087003188,,Examines narrative traditions that convey moral and theological teachings
MC-13,"אגדות חז""ל - Talmudic Narratives and Exemplary Tales",159748332.introduction-to-the-talmud-eab,Introduction to the Talmud,14,0.6702422087003188,,Examines narrative traditions that convey moral and theological teachings
MC-13,"אגדות חז""ל - Talmudic Narratives and Exemplary Tales",121748818.scripture-and-structure-the-definition,"Scripture and Structure: The Definition of ""Torah"" and Taxonomies of Traditional Jewish Literature",15,0.6702422087003188,,Examines narrative traditions that convey moral and theological teachings
MC-13,"אגדות חז""ל - Talmudic Narratives and Exemplary Tales",163313805.selections-from-my-recently-published,"Pt1 Selections from my recently published 'Know What Not to Answer: A Systematic Critique of Rabbi Aaron Lopiansky’s Lecture Series ""Da Ma She-Tashiv"" '",16,0.6702422087003188,,Examines narrative traditions that convey moral and theological teachings
MC-13,"אגדות חז""ל - Talmudic Narratives and Exemplary Tales",163834900.two-years-of-talmud-and-tech-a-retrospective,"Two Years of Talmud & Tech: A Retrospective on My Approach and Methods, and an 'Interview' with an AI Academic Talmud Scholar",17,0.6702422087003188,,Examines narrative traditions that convey moral and theological teachings
MC-13,"אגדות חז""ל - Talmudic Narratives and Exemplary Tales",162112983.beyond-the-mystique-correcting-common,"Beyond the Mystique: Correcting Common Misconceptions About the Talmud, and Pathways to Accessibility",18,0.6702422087003188,,Examines narrative traditions that convey moral and theological teachings
MC-13,"אגדות חז""ל - Talmudic Narratives and Exemplary Tales",138889806.ancient-interpretations-talmudic,Ancient Interpretations: Talmudic Hermeneutics and Drashot Revisited,19,0.6702422087003188,,Examines narrative traditions that convey moral and theological teachings
MC-14,"בית המקדש ומשמרת הכהנים - Temple Service and Priestly Duties (Pesachim, Yoma)",146780021.my-god-i-hate-you-reish-lakish-and,“My God! I hate you”: Reish Lakish and R' Yoḥanan on the Consequences of Babylonian Partial Aliyah During Ezra's Era (Yoma 9b),1,0.6666543890630873,Pesachim; Yoma; Shabbat,Explores the intricate rituals and responsibilities of Temple service
MC-14,"בית המקדש ומשמרת הכהנים - Temple Service and Priestly Duties (Pesachim, Yoma)",157374492.guardians-of-temple-incense-the-eutinas,Guardians of Temple Incense: The Eutinas Clan and Their Secret Craft (Yoma 38a),2,0.6666543890630873,Pesachim; Yoma; Shabbat,Explores the intricate rituals and responsibilities of Temple service
MC-14,"בית המקדש ומשמרת הכהנים - Temple Service and Priestly Duties (Pesachim, Yoma)",153350352.pt3-rabbinic-advice-practical-guidance,Pt3 Rabbinic Advice: Practical Guidance from the Talmud (Pesachim 112a-114a),3,0.6666543890630873,Pesachim; Yoma; Shabbat,Explores the intricate rituals and responsibilities of Temple service
MC-14,"בית המקדש ומשמרת הכהנים - Temple Service and Priestly Duties (Pesachim, Yoma)",156286222.pt1-the-four-sermons-of-the-mid-second,Pt1 The Four Sermons of the Mid-Second Century Sages in Yavne: On Hospitality (Xenia) and the Honor of Torah Sages (Berakhot 63b),4,0.6666543890630873,Pesachim; Yoma; Shabbat,Explores the intricate rituals and responsibilities of Temple service
MC-14,"בית המקדש ומשמרת הכהנים - Temple Service and Priestly Duties (Pesachim, Yoma)",146594538.the-laughing-sage-and-the-stung-scholar,The Laughing Sage and the Stung Scholar: The Story of the Osctracism of the Rabbi With the Bad Reputation (Moed Katan 17a),5,0.6666543890630873,Pesachim; Yoma; Shabbat,Explores the intricate rituals and responsibilities of Temple service
MC-14,"בית המקדש ומשמרת הכהנים - Temple Service and Priestly Duties (Pesachim, Yoma)",153629113.pt2-rav-yehuda-vs-rav-nahman-a-talmudic,"Pt2 Rav Yehuda vs. Rav Naḥman: A Talmudic Clash Over Speech, Social Status, and Slavery (Kiddushin 70a-b)",6,0.6666543890630873,Pesachim; Yoma; Shabbat,Explores the intricate rituals and responsibilities of Temple service
MC-14,"בית המקדש ומשמרת הכהנים - Temple Service and Priestly Duties (Pesachim, Yoma)",145489836.heavenly-greetings-the-righteousness,Heavenly Greetings: The Righteousness of a Bloodletter (Taanit 21b-22a),7,0.6666543890630873,Pesachim; Yoma; Shabbat,Explores the intricate rituals and responsibilities of Temple service
MC-14,"בית המקדש ומשמרת הכהנים - Temple Service and Priestly Duties (Pesachim, Yoma)",152554568.pt2-r-yehuda-hanasi-and-bar-kappara,"Pt2 R' Yehuda HaNasi and Bar Kappara: Talmudic Stories of Humor, Wealth, and Reflection (Nedarim 50b-51a)",8,0.6666543890630873,Pesachim; Yoma; Shabbat,Explores the intricate rituals and responsibilities of Temple service
MC-14,"בית המקדש ומשמרת הכהנים - Temple Service and Priestly Duties (Pesachim, Yoma)",150393960.moses-r-yehuda-hanasi-and-rav-ashi,"Moses, R' Yehuda HaNasi, and Rav Ashi: The Pinnacles of Torah and Secular Authority (Gittin 59a)",9,0.6666543890630873,Pesachim; Yoma; Shabbat,Explores the intricate rituals and responsibilities of Temple service
MC-14,"בית המקדש ומשמרת הכהנים - Temple Service and Priestly Duties (Pesachim, Yoma)",144576323.i-punished-him-anecdotes-about-the,“I punished him”: Anecdotes About the Life and Death of Rav Adda bar Abba (Bava Batra 22a),10,0.6666543890630873,Pesachim; Yoma; Shabbat,Explores the intricate rituals and responsibilities of Temple service
MC-14,"בית המקדש ומשמרת הכהנים - Temple Service and Priestly Duties (Pesachim, Yoma)",156354093.pt2-the-four-sermons-of-the-mid-second,Pt2 The Four Sermons of the Mid-Second Century Sages in Yavne: On Hospitality (Xenia) and the Honor of Torah Sages (Berakhot 63b),11,0.6666543890630873,Pesachim; Yoma; Shabbat,Explores the intricate rituals and responsibilities of Temple service
MC-14,"בית המקדש ומשמרת הכהנים - Temple Service and Priestly Duties (Pesachim, Yoma)",135202506.some-notes-on-disparaging-humor-in,Some Notes on Disparaging Humor in Pre-modern Rabbinic Literature,12,0.6666543890630873,Pesachim; Yoma; Shabbat,Explores the intricate rituals and responsibilities of Temple service
MC-14,"בית המקדש ומשמרת הכהנים - Temple Service and Priestly Duties (Pesachim, Yoma)",146498551.teach-me-the-book-of-genealogies,“Teach me the Book of Genealogies”: Anecdote of R' Simlai and R' Yoḥanan (Pesachim 62b),13,0.6666543890630873,Pesachim; Yoma; Shabbat,Explores the intricate rituals and responsibilities of Temple service
MC-14,"בית המקדש ומשמרת הכהנים - Temple Service and Priestly Duties (Pesachim, Yoma)",145715218.pt1-sage-on-the-run-the-fleeing-and,Pt1 Sage on the Run: The Fleeing and Death of Rabba bar Naḥmani (Bava Metzia 86a),14,0.6666543890630873,Pesachim; Yoma; Shabbat,Explores the intricate rituals and responsibilities of Temple service
MC-14,"בית המקדש ומשמרת הכהנים - Temple Service and Priestly Duties (Pesachim, Yoma)",144232317.from-admonishment-to-excommunication-be9,From Admonishment to Excommunication: The Talmudic Laws of Ostracism (Moed Katan 16a-b) - Pt.3,15,0.6666543890630873,Pesachim; Yoma; Shabbat,Explores the intricate rituals and responsibilities of Temple service
MC-14,"בית המקדש ומשמרת הכהנים - Temple Service and Priestly Duties (Pesachim, Yoma)",145404182.pt3-alas-thirteen-additional-stories,"Pt3 ""Alas!"": Thirteen Additional Stories Regarding the Reliability and Validity of Testimony About a Husband’s Death in the Context of Remarriage (Yevamot 121b-122b)",16,0.6666543890630873,Pesachim; Yoma; Shabbat,Explores the intricate rituals and responsibilities of Temple service
MC-14,"בית המקדש ומשמרת הכהנים - Temple Service and Priestly Duties (Pesachim, Yoma)",145597664.pt1-exploring-the-greatness-of-r,Pt1 Exploring the Greatness of R' Hiyya (Bava Metzia 85b-86a),17,0.6666543890630873,Pesachim; Yoma; Shabbat,Explores the intricate rituals and responsibilities of Temple service
MC-14,"בית המקדש ומשמרת הכהנים - Temple Service and Priestly Duties (Pesachim, Yoma)",146301103.are-you-important-enough-to-mourn,“Are you Important Enough to Mourn over Jerusalem?!”: Eliezer the Small’s Imprisonment by the Exilarch's Officials for Publicly Mourning the Destruction of Jerusalem (Bava Kamma 59a-b),18,0.6666543890630873,Pesachim; Yoma; Shabbat,Explores the intricate rituals and responsibilities of Temple service
MC-14,"בית המקדש ומשמרת הכהנים - Temple Service and Priestly Duties (Pesachim, Yoma)",147265827.three-stories-mistaken-death-caused,Three Stories: Mistaken Death Caused by the Angel of Death's agent; R' Yehoshua ben Ḥananya and a Heretic in Caesar’s Palace; and Rav Kahana’s Voyeuristic Eavesdropping on Rav (Chagigah 4b-5b),19,0.6666543890630873,Pesachim; Yoma; Shabbat,Explores the intricate rituals and responsibilities of Temple service
MC-14,"בית המקדש ומשמרת הכהנים - Temple Service and Priestly Duties (Pesachim, Yoma)",165525105.the-valley-of-dry-bones-in-ezekiel,Actual Resurrection or Allegory? The Valley of Dry Bones in Ezekiel 37 in the Talmud (Sanhedrin 92b),20,0.6666543890630873,Pesachim; Yoma; Shabbat,Explores the intricate rituals and responsibilities of Temple service
MC-14,"בית המקדש ומשמרת הכהנים - Temple Service and Priestly Duties (Pesachim, Yoma)",147608571.an-iron-pestle-vs-a-copper-mortar,"An Iron Pestle vs. a Copper Mortar: The Bitter Conflict between Sheila bar Avina and Rav Asi, Leading to Excommunication and Death (Niddah 36b-37a)",21,0.6666543890630873,Pesachim; Yoma; Shabbat,Explores the intricate rituals and responsibilities of Temple service
MC-14,"בית המקדש ומשמרת הכהנים - Temple Service and Priestly Duties (Pesachim, Yoma)",145689339.pt3-exploring-the-greatness-of-r,Pt3 Exploring the Greatness of R' Hiyya (Bava Metzia 85b-86a),22,0.6666543890630873,Pesachim; Yoma; Shabbat,Explores the intricate rituals and responsibilities of Temple service
MC-14,"בית המקדש ומשמרת הכהנים - Temple Service and Priestly Duties (Pesachim, Yoma)",144196242.from-admonishment-to-excommunication-563,From Admonishment to Excommunication: The Talmudic Laws of Ostracism (Moed Katan 16a-b) - Pt.2,23,0.6666543890630873,Pesachim; Yoma; Shabbat,Explores the intricate rituals and responsibilities of Temple service
MC-14,"בית המקדש ומשמרת הכהנים - Temple Service and Priestly Duties (Pesachim, Yoma)",156153298.hillel-vs-the-heckler-a-friday-afternoon,Hillel vs. the Heckler: A Friday Afternoon Challenge to Hillel’s Composure and Physical Anthropology in the Talmud (Shabbat 31a),24,0.6666543890630873,Pesachim; Yoma; Shabbat,Explores the intricate rituals and responsibilities of Temple service
MC-14,"בית המקדש ומשמרת הכהנים - Temple Service and Priestly Duties (Pesachim, Yoma)",145630752.pt2-exploring-the-greatness-of-r,Pt2 Exploring the Greatness of R' Hiyya (Bava Metzia 85b-86a),25,0.6666543890630873,Pesachim; Yoma; Shabbat,Explores the intricate rituals and responsibilities of Temple service
MC-14,"בית המקדש ומשמרת הכהנים - Temple Service and Priestly Duties (Pesachim, Yoma)",166130540.rav-kahana-vs-r-yohanan-babylonia,"Rav Kahana vs. R’ Yoḥanan, Babylonia vs. Eretz Yisrael: Rav Kahana’s Flight, Resurrection, and Recognition (Bava Kamma 117a-b)",26,0.6666543890630873,Pesachim; Yoma; Shabbat,Explores the intricate rituals and responsibilities of Temple service
MC-14,"בית המקדש ומשמרת הכהנים - Temple Service and Priestly Duties (Pesachim, Yoma)",149996711.pt2-between-heat-and-harvest-the,Pt2 Between Heat and Harvest: The Talmud on Winds and the Timing of Selling Agricultural Products (Gittin 31b-32a),27,0.6666543890630873,Pesachim; Yoma; Shabbat,Explores the intricate rituals and responsibilities of Temple service
MC-14,"בית המקדש ומשמרת הכהנים - Temple Service and Priestly Duties (Pesachim, Yoma)",156440128.pt1-r-shimons-flight-from-the-romans,"Pt1 R’ Shimon’s Flight from the Romans, Hiding, and Return: A Story of Persecution, Miracles, and Retribution (Shabbat 33b-34a)",28,0.6666543890630873,Pesachim; Yoma; Shabbat,Explores the intricate rituals and responsibilities of Temple service
MC-14,"בית המקדש ומשמרת הכהנים - Temple Service and Priestly Duties (Pesachim, Yoma)",144429502.from-alexandria-to-ashkelon-talmudic-3a0,"From Alexandria to Ashkelon: Talmudic Stories About Yehuda ben Tabbai, Shimon ben Shetah, and Hasidim (Jerusalem Talmud Chagigah 2:2, #5-6) - Pt.2",29,0.6666543890630873,Pesachim; Yoma; Shabbat,Explores the intricate rituals and responsibilities of Temple service
MC-14,"בית המקדש ומשמרת הכהנים - Temple Service and Priestly Duties (Pesachim, Yoma)",148755731.fingers-forks-and-faces-tales-of,"Fingers, Forks, and Faces: Tales of R' Yehuda (Nedarim 49b-50a)",30,0.6666543890630873,Pesachim; Yoma; Shabbat,Explores the intricate rituals and responsibilities of Temple service
MC-14,"בית המקדש ומשמרת הכהנים - Temple Service and Priestly Duties (Pesachim, Yoma)",141228847.a-cycle-of-five-elegeic-poems-in,A Cycle of Five Elegeic Poems in the Talmud (Moed Katan 25b),31,0.6666543890630873,Pesachim; Yoma; Shabbat,Explores the intricate rituals and responsibilities of Temple service
MC-14,"בית המקדש ומשמרת הכהנים - Temple Service and Priestly Duties (Pesachim, Yoma)",147836727.pt1-from-desperation-to-downpour,Pt1 From Desperation to Downpour: Talmudic Stories of Rainmaking (Taanit 24a-b),32,0.6666543890630873,Pesachim; Yoma; Shabbat,Explores the intricate rituals and responsibilities of Temple service
MC-14,"בית המקדש ומשמרת הכהנים - Temple Service and Priestly Duties (Pesachim, Yoma)",149278277.pt2-the-end-of-an-era-the-mishnah,Pt2 The End of an Era: The Mishnah on Societal Decline and the Discontinuation of Rituals (Mishnah Sotah 9:9-15),33,0.6666543890630873,Pesachim; Yoma; Shabbat,Explores the intricate rituals and responsibilities of Temple service
MC-14,"בית המקדש ומשמרת הכהנים - Temple Service and Priestly Duties (Pesachim, Yoma)",156512375.pt2-r-shimons-flight-from-the-romans,"Pt2 R’ Shimon’s Flight from the Romans, Hiding, and Return: A Story of Persecution, Miracles, and Retribution (Shabbat 33b-34a)",34,0.6666543890630873,Pesachim; Yoma; Shabbat,Explores the intricate rituals and responsibilities of Temple service
MC-14,"בית המקדש ומשמרת הכהנים - Temple Service and Priestly Duties (Pesachim, Yoma)",146910594.pt1-tremendously-loud-sounds-the,"Pt1 Tremendously Loud Sounds: Gabini's Cries, the Sun's Orbit, Rome's Crowds, and More (Yoma 20b-21a)",35,0.6666543890630873,Pesachim; Yoma; Shabbat,Explores the intricate rituals and responsibilities of Temple service
MC-14,"בית המקדש ומשמרת הכהנים - Temple Service and Priestly Duties (Pesachim, Yoma)",144394242.from-alexandria-to-ashkelon-talmudic,"From Alexandria to Ashkelon: Talmudic Stories About Yehuda ben Tabbai, Shimon ben Shetah, and Hasidim (Jerusalem Talmud Chagigah 2:2, #5-6) - Pt.1",36,0.6666543890630873,Pesachim; Yoma; Shabbat,Explores the intricate rituals and responsibilities of Temple service
MC-14,"בית המקדש ומשמרת הכהנים - Temple Service and Priestly Duties (Pesachim, Yoma)",145086205.hostile-hospitality-confrontations,Hostile Hospitality: Confrontations Between the Exilarch’s Retinue and Talmudic Sages (Gittin 67b-68a),37,0.6666543890630873,Pesachim; Yoma; Shabbat,Explores the intricate rituals and responsibilities of Temple service
MC-14,"בית המקדש ומשמרת הכהנים - Temple Service and Priestly Duties (Pesachim, Yoma)",145153722.kosher-chronicles-six-talmudic-tales,"Kosher Chronicles: Six Talmudic Tales of Fish, Spice, and the Quest for Techelet (Avodah Zarah 39a)",38,0.6666543890630873,Pesachim; Yoma; Shabbat,Explores the intricate rituals and responsibilities of Temple service
MC-14,"בית המקדש ומשמרת הכהנים - Temple Service and Priestly Duties (Pesachim, Yoma)",145750159.pt2-sage-on-the-run-the-fleeing-and,Pt2 Sage on the Run: The Fleeing and Death of Rabba bar Naḥmani (Bava Metzia 86a),39,0.6666543890630873,Pesachim; Yoma; Shabbat,Explores the intricate rituals and responsibilities of Temple service
MC-14,"בית המקדש ומשמרת הכהנים - Temple Service and Priestly Duties (Pesachim, Yoma)",166218577.pt1-power-pedagogy-and-internal-rabbinic,"Pt1 Power, Pedagogy, and Internal Rabbinic Politics: The Deposition of Rabban Gamliel, the Appointment of R' Elazar ben Azarya, and Eventual Reconciliation (Berakhot 27b-28a)",40,0.6666543890630873,Pesachim; Yoma; Shabbat,Explores the intricate rituals and responsibilities of Temple service
MC-14,"בית המקדש ומשמרת הכהנים - Temple Service and Priestly Duties (Pesachim, Yoma)",165451243.sacred-and-defile-the-hands-the-canonical,‘Sacred and Defiles the Hands’: The Canonical Status of the Biblical Books of Ecclesiastes and Song of Songs (Mishnah Yadayim 3:5),41,0.6666543890630873,Pesachim; Yoma; Shabbat,Explores the intricate rituals and responsibilities of Temple service
MC-14,"בית המקדש ומשמרת הכהנים - Temple Service and Priestly Duties (Pesachim, Yoma)",145367161.pt2-alas-thirteen-additional-stories,"Pt2 ""Alas!"": Thirteen Additional Stories Regarding the Reliability and Validity of Testimony About a Husband’s Death in the Context of Remarriage (Yevamot 121b-122b)",42,0.6666543890630873,Pesachim; Yoma; Shabbat,Explores the intricate rituals and responsibilities of Temple service
MC-14,"בית המקדש ומשמרת הכהנים - Temple Service and Priestly Duties (Pesachim, Yoma)",166298964.pt2-power-pedagogy-and-internal-rabbinic,"Pt2 Power, Pedagogy, and Internal Rabbinic Politics: The Deposition of Rabban Gamliel, the Appointment of R' Elazar ben Azarya, and Eventual Reconciliation (Berakhot 27b-28a)",43,0.6666543890630873,Pesachim; Yoma; Shabbat,Explores the intricate rituals and responsibilities of Temple service
MC-14,"בית המקדש ומשמרת הכהנים - Temple Service and Priestly Duties (Pesachim, Yoma)",147872002.pt2-from-desperation-to-downpour,Pt2 From Desperation to Downpour: Talmudic Stories of Rainmaking (Taanit 24a-b),44,0.6666543890630873,Pesachim; Yoma; Shabbat,Explores the intricate rituals and responsibilities of Temple service
MC-14,"בית המקדש ומשמרת הכהנים - Temple Service and Priestly Duties (Pesachim, Yoma)",143473619.two-talmudic-stories-of-cryptic-blessings,Two Talmudic Stories of Cryptic Blessings and Their Interpretation (Moed Katan 9a-b),45,0.6666543890630873,Pesachim; Yoma; Shabbat,Explores the intricate rituals and responsibilities of Temple service
MC-14,"בית המקדש ומשמרת הכהנים - Temple Service and Priestly Duties (Pesachim, Yoma)",165843182.the-beauty-and-the-bandit-the-talmudic,The Beauty and the Bandit: The Talmudic Tragedy of R' Yoḥanan and Reish Lakish (Bava Metzia 84a),46,0.6666543890630873,Pesachim; Yoma; Shabbat,Explores the intricate rituals and responsibilities of Temple service
